State,Names
Eastern_Oklahoma,"Heil, John Frederick III"
Eastern_Oklahoma,"Payne, James H."
Eastern_Oklahoma,"Seay, Frank Howell"
Eastern_Oklahoma,"White, Ronald A."
Wyoming,"Freudenthal, Nancy Dell"
Wyoming,"Johnson, Alan Bond"
Wyoming,"Skavdahl, Scott Wesley"
Northern_Alabama,"Axon, Annemarie Carney"
Northern_Alabama,"Blackburn, Sharon Lovelace"
Northern_Alabama,"Bowdre, Karon O."
Northern_Alabama,"Burke, Liles Clifton"
Northern_Alabama,"Coogler, L. Scott"
Northern_Alabama,"Haikala, Madeline Hughes"
Northern_Alabama,"Hopkins, Virginia Emerson"
Northern_Alabama,"Johnson, Inge Prytz"
Northern_Alabama,"Manasco, Anna Marie"
Northern_Alabama,"Maze, Corey Landon"
Northern_Alabama,"Proctor, R. David"
Northern_Alabama,"Smith, Charles Lynwood, Jr."
Northern West Virginia,"Bailey, John Preston"
Northern West Virginia,"Groh, Gina Marie"
Northern West Virginia,"Keeley, Irene Patricia Murphy"
Northern West Virginia,"Kleeh, Thomas Shawn"
Northern West Virginia,"Stamp, Frederick Pfarr, Jr."
Western_New_York,"Arcara, Richard Joseph"
Western_New_York,"Geraci, Frank Paul, Jr."
Western_New_York,"Larimer, David G."
Western_New_York,"Sinatra, John Leonard, Jr."
Western_New_York,"Siragusa, Charles J."
Western_New_York,"Skretny, William M."
Western_New_York,"Vilardo, Lawrence Joseph"
Western_New_York,"Wolford, Elizabeth Ann"
Western Pennsylvania,"Ambrose, Donetta W."
Western Pennsylvania,"Baxter, Susan Paradise"
Western Pennsylvania,"Bissoon, Cathy"
Western Pennsylvania,"Bloch, Alan Neil"
Western Pennsylvania,"Cercone, David S."
Western Pennsylvania,"Colville, Robert John"
Western Pennsylvania,"Conti, Joy Flowers"
Western Pennsylvania,"Fischer, Nora Barry"
Western Pennsylvania,"Gibson, Kim R."
Western Pennsylvania,"Haines, Stephanie Lou"
Western Pennsylvania,"Hardy, William Scott"
Western Pennsylvania,"Horan, Marilyn Jean"
Western Pennsylvania,"Hornak, Mark Raymond"
Western Pennsylvania,"Ranjan, J. Nicholas"
Western Pennsylvania,"Schwab, Arthur J."
Western Pennsylvania,"Stickman, William Shaw IV"
Western Pennsylvania,"Wiegand, Christy Criswell"
Northern_Georgia,"Batten, Timothy C., Sr."
Northern_Georgia,"Boulee, Jean-Paul"
Northern_Georgia,"Brown, Michael Lawrence"
Northern_Georgia,"Calvert, Victoria Marie"
Northern_Georgia,"Cohen, Mark Howard"
Northern_Georgia,"Cooper, Clarence"
Northern_Georgia,"Evans, Orinda Dale"
Northern_Georgia,"Geraghty, Sarah Elisabeth"
Northern_Georgia,"Grimberg, Steven Daniel"
Northern_Georgia,"Hunt, Willis B., Jr."
Northern_Georgia,"Jones, Steve CarMichael"
Northern_Georgia,"May, Leigh Martin"
Northern_Georgia,"Pannell, Charles A., Jr."
Northern_Georgia,"Ray, William McCrary II"
Northern_Georgia,"Ross, Eleanor Louise"
Northern_Georgia,"Story, Richard W."
Northern_Georgia,"Thrash, Thomas W., Jr."
Northern_Georgia,"Totenberg, Amy Mil"
Puerto Rico,"Antongiorgi-Jordán, María del R."
Puerto Rico,"Arias-Marxuach, Raúl Manuel"
Puerto Rico,"Besosa, Francisco Augusto"
Puerto Rico,"Carreño-Coll, Silvia Luisa"
Puerto Rico,"Delgado Hernández, Pedro Alberto"
Puerto Rico,"Delgado-Colón, Aida M."
Puerto Rico,"Domínguez, Daniel R."
Puerto Rico,"Garcia-Gregory, Jay A."
Puerto Rico,"Méndez-Miró, Gina Raquel"
Puerto Rico,"Vélez-Rivé, Camille Lizette"
Middle_Florida,"Adams, Henry Lee, Jr."
Middle_Florida,"Antoon, John II"
Middle_Florida,"Badalamenti, John Leonard"
Middle_Florida,"Barber, Thomas Patrick"
Middle_Florida,"Berger, Wendy Williams"
Middle_Florida,"Bucklew, Susan C."
Middle_Florida,"Byron, Paul Gregory"
Middle_Florida,"Chappell, Sheri Polster"
Middle_Florida,"Conway, Anne C."
Middle_Florida,"Corrigan, Timothy J."
Middle_Florida,"Covington, Virginia Maria Hernandez"
Middle_Florida,"Dalton, Roy Bale, Jr."
Middle_Florida,"Davis, Brian Jordan"
Middle_Florida,"Fawsett, Patricia C."
Middle_Florida,"Honeywell, Charlene Vanessa Edwards"
Middle_Florida,"Howard, Marcia Morales"
Middle_Florida,"Jung, William Frederic"
Middle_Florida,"Kovachevich, Elizabeth Anne"
Middle_Florida,"Lazzara, Richard A."
Middle_Florida,"Mendoza, Carlos Eduardo"
Middle_Florida,"Merryday, Steven Douglas"
Middle_Florida,"Mizelle, Kathryn Kimball"
Middle_Florida,"Moody, James S., Jr."
Middle_Florida,"Presnell, Gregory A."
Middle_Florida,"Schlesinger, Harvey Erwin"
Middle_Florida,"Scriven, Mary Stenson"
Middle_Florida,"Steele, John E."
Middle_Florida,"Whittemore, James D."
Western_Missouri,"Bough, Stephen Rogers"
Western_Missouri,"Fenner, Gary A."
Western_Missouri,"Gaitan, Fernando J., Jr."
Western_Missouri,"Harpool, M. Douglas"
Western_Missouri,"Kays, David Gregory"
Western_Missouri,"Ketchmark, Roseann Ambrosia"
Western_Missouri,"Laughrey, Nanette Kay"
Western_Missouri,"Phillips, Mary Elizabeth"
Western_Missouri,"Sachs, Howard Frederic"
Western_Missouri,"Sippel, Rodney W."
Western_Missouri,"Smith, Ortrie D."
Western_Missouri,"Whipple, Dean"
Western_Missouri,"Wimes, Brian Curtis"
Eastern_California,"Burrell, Garland Ellis, Jr."
Eastern_California,"Calabretta, Daniel Joe Powell"
Eastern_California,"Drozd, Dale Alan"
Eastern_California,"England, Morrison C., Jr."
Eastern_California,"Ishii, Anthony W."
Eastern_California,"Mendez, John A."
Eastern_California,"Mueller, Kimberly Jo"
Eastern_California,"Nunley, Troy Lynne"
Eastern_California,"O'Neill, Lawrence Joseph"
Eastern_California,"Shubb, William B."
Eastern_California,"Thurston, Jennifer Leigh"
Southern_Illinois,"Dugan, David Wayne"
Southern_Illinois,"Gilbert, John Phil"
Southern_Illinois,"McGlynn, Stephen Patrick"
Southern_Illinois,"Rosenstengel, Nancy Jo"
Southern_Illinois,"Yandle, Staci Michelle"
Minnesota,"Alsop, Donald Douglas"
Minnesota,"Blackwell, Jerry Wayne"
Minnesota,"Brasel, Nancy Ellen"
Minnesota,"Bryan, Jeffrey Marc"
Minnesota,"Davis, Michael James"
Minnesota,"Doty, David Singleton"
Minnesota,"Ericksen, Joan N."
Minnesota,"Frank, Donovan W."
Minnesota,"Magnuson, Paul Arthur"
Minnesota,"Menendez, Katherine Marie"
Minnesota,"Montgomery, Ann D."
Minnesota,"Nelson, Susan Richard"
Minnesota,"Schiltz, Patrick Joseph"
Minnesota,"Tostrud, Eric Christian"
Minnesota,"Tunheim, John R."
Minnesota,"Wright, Wilhelmina Marie"
Maryland,"Bennett, Richard D."
Maryland,"Blake, Catherine C."
Maryland,"Boardman, Deborah Lynn"
Maryland,"Bredar, James Kelleher"
Maryland,"Chasanow, Deborah K."
Maryland,"Chuang, Theodore David"
Maryland,"Gallagher, Stephanie Agli"
Maryland,"Griggsby, Lydia Kay"
Maryland,"Hollander, Ellen Lipton"
Maryland,"Hurson, Brendan Abell"
Maryland,"Maddox, Matthew James"
Maryland,"Messitte, Peter Jo"
Maryland,"Nickerson, William M."
Maryland,"Rubin, Julie Rebecca"
Maryland,"Russell, George Levi III"
Maryland,"Xinis, Paula"
Northern_New_York,"D'Agostino, Mae Avila"
Northern_New_York,"Hurd, David N."
Northern_New_York,"Kahn, Lawrence E."
Northern_New_York,"McAvoy, Thomas James"
Northern_New_York,"Nardacci, Anne Marie"
Northern_New_York,"Sannes, Brenda Kay"
Northern_New_York,"Scullin, Frederick James, Jr."
Northern_New_York,"Sharpe, Gary L."
Northern_New_York,"Suddaby, Glenn T."
Southern_Indiana,"Barker, Sarah Evans"
Southern_Indiana,"Brookman, Matthew Paul"
Southern_Indiana,"Hanlon, James Patrick"
Southern_Indiana,"Lawrence, William T."
Southern_Indiana,"Magnus-Stinson, Jane Elizabeth"
Southern_Indiana,"Pratt, Tanya Walton"
Southern_Indiana,"Sweeney, James Russell II"
Southern_Indiana,"Young, Richard L."
Eastern Texas,"Barker, J. Campbell"
Eastern Texas,"Clark, Ron"
Eastern Texas,"Crone, Marcia A."
Eastern Texas,"Gilstrap, James Rodney"
Eastern Texas,"Jordan, Sean D."
Eastern Texas,"Kernodle, Jeremy Daniel"
Eastern Texas,"Mazzant, Amos Louis III"
Eastern Texas,"Schell, Richard A."
Eastern Texas,"Schroeder, Robert William III"
Eastern Texas,"Truncale, Michael Joseph"
Arizona,"Bolton, Susan Ritchie"
Arizona,"Brnovich, Susan Marie"
Arizona,"Bury, David C."
Arizona,"Campbell, David G."
Arizona,"Collins, Raner Christercunean"
Arizona,"Hinderaker, John Charles"
Arizona,"Humetewa, Diane Joyce"
Arizona,"Jorgenson, Cindy K."
Arizona,"Lanza, Dominic William"
Arizona,"Liburdi, Michael Thomas"
Arizona,"Logan, Steven Paul"
Arizona,"Márquez, Rosemary"
Arizona,"Martone, Frederick J."
Arizona,"McNamee, Stephen M."
Arizona,"Rash, Scott Hugh"
Arizona,"Rayes, Douglas Leroy"
Arizona,"Silver, Roslyn O."
Arizona,"Snow, G. Murray"
Arizona,"Soto, James Alan"
Arizona,"Teilborg, James A."
Arizona,"Tuchi, John Joseph"
Arizona,"Wake, Neil Vincent"
Arizona,"Zapata, Frank R."
Arizona,"Zipps, Jennifer Guerin"
Eastern North Carolina,"Boyle, Terrence William"
Eastern North Carolina,"Britt, William Earl"
Eastern North Carolina,"Dever, James C. III"
Eastern North Carolina,"Flanagan, Louise W."
Eastern North Carolina,"Howard, Malcolm Jones"
Eastern North Carolina,"Myers, Richard Ernest II"
Middle_Louisiana,"Cain, James David, Jr."
Middle_Louisiana,"Doughty, Terry Alvin"
Middle_Louisiana,"Drell, Dee D."
Middle_Louisiana,"Foote, Elizabeth Erny"
Middle_Louisiana,"Hicks, S. Maurice, Jr."
Middle_Louisiana,"James, Robert Gillespie"
Middle_Louisiana,"Joseph, David Cleveland"
Middle_Louisiana,"Melancon, Tucker L."
Middle_Louisiana,"Summerhays, Robert Rees"
Middle_Louisiana,"Trimble, James Travis, Jr."
Middle_Louisiana,"Walter, Donald Ellsworth"
Southern_New_York,"Abrams, Ronnie"
Southern_New_York,"Berman, Richard M."
Southern_New_York,"Briccetti, Vincent Louis"
Southern_New_York,"Broderick, Vernon Speede"
Southern_New_York,"Buchwald, Naomi Reice"
Southern_New_York,"Caproni, Valerie Elaine"
Southern_New_York,"Carter, Andrew Lamar, Jr."
Southern_New_York,"Castel, P. Kevin"
Southern_New_York,"Clarke, Jessica Gloria Lynn"
Southern_New_York,"Cote, Denise"
Southern_New_York,"Cronan, John Peter"
Southern_New_York,"Crotty, Paul Austin"
Southern_New_York,"Daniels, George B."
Southern_New_York,"Engelmayer, Paul Adam"
Southern_New_York,"Failla, Katherine Polk"
Southern_New_York,"Furman, Jesse Matthew"
Southern_New_York,"Gardephe, Paul G."
Southern_New_York,"Garnett, Margaret M."
Southern_New_York,"Haight, Charles Sherman, Jr."
Southern_New_York,"Halpern, Philip Morgan"
Southern_New_York,"Hellerstein, Alvin K."
Southern_New_York,"Ho, Dale Edwin"
Southern_New_York,"Kaplan, Lewis A."
Southern_New_York,"Karas, Kenneth M."
Southern_New_York,"Keenan, John Fontaine"
Southern_New_York,"Koeltl, John George"
Southern_New_York,"Liman, Lewis Jeffrey"
Southern_New_York,"Marrero, Victor"
Southern_New_York,"McMahon, Colleen"
Southern_New_York,"Oetken, James Paul"
Southern_New_York,"Preska, Loretta A."
Southern_New_York,"Rakoff, Jed Saul"
Southern_New_York,"Ramos, Edgardo"
Southern_New_York,"Rearden, Jennifer Hutchison"
Southern_New_York,"Rochon, Jennifer Louise"
Southern_New_York,"Román, Nelson Stephen"
Southern_New_York,"Schofield, Lorna Gail"
Southern_New_York,"Seibel, Cathy"
Southern_New_York,"Stanton, Louis Lee"
Southern_New_York,"Stein, Sidney H."
Southern_New_York,"Subramanian, Arun Srinivas"
Southern_New_York,"Swain, Laura Taylor"
Southern_New_York,"Torres, Analisa Nadine"
Southern_New_York,"Vyskocil, Mary Kay"
Southern_New_York,"Wood, Kimba Maureen"
Southern_New_York,"Woods, Gregory Howard III"
Eastern Virginia,"Allen, Arenda Lauretta Wright"
Eastern Virginia,"Alston, Rossie David, Jr."
Eastern Virginia,"Brinkema, Leonie M."
Eastern Virginia,"Davis, Mark Steven"
Eastern Virginia,"Ellis, Thomas Selby III"
Eastern Virginia,"Gibney, John Adrian, Jr."
Eastern Virginia,"Giles, Patricia Tolliver"
Eastern Virginia,"Hanes, Elizabeth Wilson"
Eastern Virginia,"Hilton, Claude M."
Eastern Virginia,"Hudson, Henry E."
Eastern Virginia,"Jackson, Raymond Alvin"
Eastern Virginia,"Lauck, M[ary] Hannah"
Eastern Virginia,"Nachmanoff, Michael Stefan"
Eastern Virginia,"Novak, David John"
Eastern Virginia,"Payne, Robert E."
Eastern Virginia,"Smith, Rebecca Beach"
Eastern Virginia,"Trenga, Anthony John"
Eastern Virginia,"Walker, Jamar Kentrell"
Eastern Virginia,"Young, Roderick Charles"
South Dakota,"Kornmann, Charles B."
South Dakota,"Lange, Roberto Antonio"
South Dakota,"Piersol, Lawrence L."
South Dakota,"Schreier, Karen E."
New_Hampshire,"Barbadoro, Paul J."
New_Hampshire,"Elliott, Samantha Dowd"
New_Hampshire,"Laplante, Joseph Normand"
New_Hampshire,"McAuliffe, Steven J."
New_Hampshire,"McCafferty, Landya B."
Northern Texas,"Boyle, Jane J."
Northern Texas,"Brown, Ada Elene"
Northern Texas,"Cummings, Samuel Ray"
Northern Texas,"Fish, A[llen] Joe"
Northern Texas,"Fitzwater, Sidney Allen"
Northern Texas,"Godbey, David C."
Northern Texas,"Hendrix, James Wesley"
Northern Texas,"Kacsmaryk, Matthew Joseph"
Northern Texas,"Kinkeade, James E."
Northern Texas,"Lindsay, Sam A."
Northern Texas,"Lynn, Barbara M."
Northern Texas,"Maloney, Robert B."
Northern Texas,"Means, Terry R."
Northern Texas,"O'Connor, Reed Charles"
Northern Texas,"Pittman, Mark Timothy"
Northern Texas,"Scholer, Karen Gren"
Northern Texas,"Starr, Brantley David"
Kansas,"Belot, Monti L."
Kansas,"Broomes, John Wesley"
Kansas,"Crabtree, Daniel Dale"
Kansas,"Crouse, Toby Jon"
Kansas,"Lungstrum, John Watson"
Kansas,"Melgren, Eric F."
Kansas,"Robinson, Julie A."
Kansas,"Teeter, Holly Lou"
Kansas,"Vratil, Kathryn Hoefer"
Central_Illinois,"Bruce, Colin Stirling"
Central_Illinois,"Darrow, Sara Lynn"
Central_Illinois,"Lawless, Colleen Rae"
Central_Illinois,"McDade, Joe Billy"
Central_Illinois,"Mihm, Michael Martin"
Central_Illinois,"Myerscough, Sue Ellen"
Central_Illinois,"Shadid, James Edward"
Southern West Virginia,"Berger, Irene Cornelia"
Southern West Virginia,"Chambers, Robert Charles"
Southern West Virginia,"Copenhaver, John Thomas, Jr."
Southern West Virginia,"Faber, David A."
Southern West Virginia,"Goodwin, Joseph Robert"
Southern West Virginia,"Johnston, Thomas E."
Southern West Virginia,"Volk, Frank William"
Western Virginia,"Ballou, Robert Stewart"
Western Virginia,"Cullen, Thomas Tullidge"
Western Virginia,"Dillon, Elizabeth Kay"
Western Virginia,"Jones, James Parker"
Western Virginia,"Moon, Norman K."
Western Virginia,"Urbanski, Michael Francis"
Nebraska,"Bataillon, Joseph F."
Nebraska,"Buescher, Brian Craig"
Nebraska,"Gerrard, John Melvin"
Nebraska,"Kopf, Richard George"
Nebraska,"Rossiter, Robert F., Jr."
Montana,"Christensen, Dana Lewis"
Montana,"Haddon, Sam E."
Montana,"Molloy, Donald W."
Montana,"Morris, Brian Matthew"
Montana,"Watters, Susan Pamela"
Western Washington,"Bryan, Robert Jensen"
Western Washington,"Cartwright, Tiffany Mae"
Western Washington,"Chun, John Hyungseung"
Western Washington,"Coughenour, John C."
Western Washington,"Dimmick, Carolyn R."
Western Washington,"Estudillo, David"
Western Washington,"Evanson, Kymberly Kathryn"
Western Washington,"Jones, Richard A."
Western Washington,"King, Lauren Jennifer"
Western Washington,"Lasnik, Robert S."
Western Washington,"Lin, Tana"
Western Washington,"Martinez, Ricardo S."
Western Washington,"Pechman, Marsha J."
Western Washington,"Robart, James L."
Western Washington,"Rothstein, Barbara Jacobs"
Western Washington,"Settle, Benjamin Hale"
Western Washington,"Whitehead, Jamal Norman"
Western Washington,"Zilly, Thomas Samuel"
Western Texas,"Albright, Alan D"
Western Texas,"Biery, Samuel Frederick, Jr."
Western Texas,"Briones, David"
Western Texas,"Cardone, Kathleen"
Western Texas,"Counts, Walter David III"
Western Texas,"Garcia, Orlando Luis"
Western Texas,"Guaderrama, David Campos"
Western Texas,"Junell, Robert A."
Western Texas,"Montalvo, Frank"
Western Texas,"Moses, Alia"
Western Texas,"Nowlin, James Robertson"
Western Texas,"Pitman, Robert Lee"
Western Texas,"Pulliam, Jason Kenneth"
Western Texas,"Rodriguez, Xavier"
Western Texas,"Sparks, Sam"
Western Tennessee,"Anderson, Stanley Thomas"
Western Tennessee,"Breen, J. Daniel"
Western Tennessee,"Fowlkes, John Thomas, Jr."
Western Tennessee,"Lipman, Sheryl Halle"
Western Tennessee,"Mays, Samuel H., Jr."
Western Tennessee,"McCalla, Jon Phipps"
Western Tennessee,"Norris, Mark Saalfield, Sr."
Western Tennessee,"Parker, Thomas Lee Robinson"
Western Tennessee,"Todd, James Dale"
Southern_Iowa,"Ebinger, Rebecca Goodgame"
Southern_Iowa,"Gritzner, James E."
Southern_Iowa,"Locher, Stephen Henley"
Southern_Iowa,"Longstaff, Ronald Earl"
Southern_Iowa,"Pratt, Robert W."
Southern_Iowa,"Rose, Stephanie Marie"
Southern_Ohio,"Barrett, Michael Ryan"
Southern_Ohio,"Beckwith, Sandra Shank"
Southern_Ohio,"Black, Timothy Seymour"
Southern_Ohio,"Cole, Douglas Russell"
Southern_Ohio,"Dlott, Susan J."
Southern_Ohio,"Graham, James L."
Southern_Ohio,"Hopkins, Jeffery Paul"
Southern_Ohio,"Marbley, Algenon L."
Southern_Ohio,"McFarland, Matthew Walden"
Southern_Ohio,"Morrison, Sarah Daggett"
Southern_Ohio,"Newman, Michael Jay"
Southern_Ohio,"Rice, Walter Herbert"
Southern_Ohio,"Rose, Thomas M."
Southern_Ohio,"Sargus, Edmund A., Jr."
Southern_Ohio,"Watson, Michael H."
Southern_Ohio,"Weber, Herman Jacob"
Alaska,"Beistline, Ralph R."
Alaska,"Burgess, Timothy Mark"
Alaska,"Gleason, Sharon Louise"
Alaska,"Holland, H[ezekiah] Russel"
Alaska,"Kindred, Joshua Michael"
Alaska,"Sedwick, John W."
Alaska,"Singleton, James Keith, Jr."
Northern_Oklahoma,"Dowdell, John Edward"
Northern_Oklahoma,"Eagan, Claire"
Northern_Oklahoma,"Frizzell, Gregory Kent"
Northern_Oklahoma,"Heil, John Frederick III"
Northern_Oklahoma,"Kern, Terence C."
Northern_Oklahoma,"Payne, James H."
Idaho,"Brailsford, Amanda Kathleen"
Idaho,"Lodge, Edward J."
Idaho,"Nye, David Charles"
Idaho,"Winmill, B. Lynn"
Southern_Florida,"Altman, Roy Kalman"
Southern_Florida,"Altonaga, Cecilia M."
Southern_Florida,"Bloom, Beth Francine"
Southern_Florida,"Cannon, Aileen Mercedes"
Southern_Florida,"Cohn, James I."
Southern_Florida,"Dimitrouleas, William P."
Southern_Florida,"Gayles, Darrin Phillip"
Southern_Florida,"Gold, Alan Stephen"
Southern_Florida,"Gonzalez, Jose Alejandro, Jr."
Southern_Florida,"Graham, Donald L."
Southern_Florida,"Huck, Paul C."
Southern_Florida,"Hurley, Daniel T. K."
Southern_Florida,"King, James Lawrence"
Southern_Florida,"Lenard, Joan A."
Southern_Florida,"Marra, Kenneth A."
Southern_Florida,"Martinez, Jose E."
Southern_Florida,"Middlebrooks, Donald M."
Southern_Florida,"Moore, Kevin Michael"
Southern_Florida,"Moreno, Federico A."
Southern_Florida,"Rosenberg, Robin Lee"
Southern_Florida,"Ruiz, Rodolfo Armando II"
Southern_Florida,"Scola, Robert Nichols, Jr."
Southern_Florida,"Seitz, Patricia A."
Southern_Florida,"Singhal, Anuraag Hari"
Southern_Florida,"Smith, Rodney"
Southern_Florida,"Williams, Kathleen Mary"
Southern_Florida,"Zloch, William J."
Western Wisconsin,"Conley, William Martin"
Western Wisconsin,"Crabb, Barbara Brandriff"
Western Wisconsin,"Peterson, James Donald"
Northern_Ohio,"Adams, John R."
Northern_Ohio,"Barker, Pamela Ann"
Northern_Ohio,"Boyko, Christopher A."
Northern_Ohio,"Brennan, Bridget Meehan"
Northern_Ohio,"Calabrese, J. Philip"
Northern_Ohio,"Carr, James G."
Northern_Ohio,"Economus, Peter C."
Northern_Ohio,"Fleming, Charles Esque"
Northern_Ohio,"Gaughan, Patricia Anne"
Northern_Ohio,"Gwin, James S."
Northern_Ohio,"Helmick, Jeffrey James"
Northern_Ohio,"Knepp, James Ray II"
Northern_Ohio,"Lioi, Sara Elizabeth"
Northern_Ohio,"Nugent, Donald C."
Northern_Ohio,"Oliver, Solomon, Jr."
Northern_Ohio,"Pearson, Benita Yalonda"
Northern_Ohio,"Polster, Dan A."
Northern_Ohio,"Ruiz, David Augustin"
Northern_Ohio,"Zouhary, Jack"
Hawaii,"Ezra, David Alan"
Hawaii,"Gillmor, Helen W."
Hawaii,"Kay, Alan Cooke"
Hawaii,"Kobayashi, Leslie Emi"
Hawaii,"Mollway, Susan Oki"
Hawaii,"Otake, Jill Aiko"
Hawaii,"Park, Shanlyn Alohakeao Souza"
Hawaii,"Seabright, J[ohn] Michael"
Hawaii,"Smith, Micah William Janso"
Hawaii,"Watson, Derrick Kahala"
Eastern_Louisiana,"Africk, Lance M."
Eastern_Louisiana,"Ashe, Barry Weldon"
Eastern_Louisiana,"Barbier, Carl J."
Eastern_Louisiana,"Berrigan, Helen Ginger"
Eastern_Louisiana,"Brown, Nannette Jolivette"
Eastern_Louisiana,"Fallon, Eldon E."
Eastern_Louisiana,"Guidry, Greg Gerard"
Eastern_Louisiana,"Lemelle, Ivan L. R."
Eastern_Louisiana,"Lemmon, Mary Ann Vial"
Eastern_Louisiana,"Milazzo, Jane Margaret Triche"
Eastern_Louisiana,"Morgan, Susie"
Eastern_Louisiana,"Papillion, Darrel James"
Eastern_Louisiana,"Vance, Sarah S."
Eastern_Louisiana,"Vitter, Wendy Baldwin"
Eastern_Louisiana,"Zainey, Jay C."
Delaware,"Andrews, Richard Gibson"
Delaware,"Connolly, Colm Felix"
Delaware,"Hall, Jennifer Lynne"
Delaware,"Longobardi, Joseph J."
Delaware,"Noreika, Maryellen"
Delaware,"Williams, Gregory Brian"
Eastern_Missouri,"Autrey, Henry Edward"
Eastern_Missouri,"Clark, Stephen Robert, Sr."
Eastern_Missouri,"Filippine, Edward Louis"
Eastern_Missouri,"Fleissig, Audrey Goldstein"
Eastern_Missouri,"Hamilton, Jean Constance"
Eastern_Missouri,"Laughrey, Nanette Kay"
Eastern_Missouri,"Limbaugh, Stephen Nathaniel, Jr."
Eastern_Missouri,"Perry, Catherine D."
Eastern_Missouri,"Pitlyk, Sarah Elizabeth"
Eastern_Missouri,"Ross, John Andrew"
Eastern_Missouri,"Schelp, Matthew Thomas"
Eastern_Missouri,"Sippel, Rodney W."
Eastern_Missouri,"Webber, E. Richard"
Eastern_Missouri,"White, Ronnie Lee"
Eastern_Missouri,"Wimes, Brian Curtis"
Western_Oklahoma,"Alley, Wayne Edward"
Western_Oklahoma,"Cauthron, Robin J."
Western_Oklahoma,"DeGiusti, Timothy D."
Western_Oklahoma,"Dishman, Jodi Warmbrod"
Western_Oklahoma,"Friot, Stephen P."
Western_Oklahoma,"Goodwin, Charles Barnes"
Western_Oklahoma,"Heaton, Joe L."
Western_Oklahoma,"Heil, John Frederick III"
Western_Oklahoma,"Jones, Bernard M."
Western_Oklahoma,"Leonard, Timothy D."
Western_Oklahoma,"Miles-LaGrange, Vicki"
Western_Oklahoma,"Palk, Scott Lawrence"
Western_Oklahoma,"Payne, James H."
Western_Oklahoma,"Russell, David Lynn"
Western_Oklahoma,"Wyrick, Patrick Robert"
Western_Kentucky,"Beaton, Benjamin Joel"
Western_Kentucky,"Boom, Claria Horn"
Western_Kentucky,"Hale, David Jason"
Western_Kentucky,"Jennings, Rebecca Grady"
Western_Kentucky,"McKinley, Joseph H., Jr."
Western_Kentucky,"Simpson, Charles Ralph III"
Western_Kentucky,"Stivers, Gregory N."
Eastern_New_York,"Amon, Carol Bagley"
Eastern_New_York,"Azrack, Joan Marie"
Eastern_New_York,"Block, Frederic"
Eastern_New_York,"Brodie, Margo Kitsy"
Eastern_New_York,"Brown, Gary Richard"
Eastern_New_York,"Chen, Pamela Ki Mai"
Eastern_New_York,"Choudhury, Nusrat Jahan"
Eastern_New_York,"Cogan, Brian Mark"
Eastern_New_York,"DeArcy Hall, LaShann Moutique"
Eastern_New_York,"Dearie, Raymond Joseph"
Eastern_New_York,"Donnelly, Ann Marie"
Eastern_New_York,"Garaufis, Nicholas"
Eastern_New_York,"Gershon, Nina"
Eastern_New_York,"Glasser, Israel Leo"
Eastern_New_York,"Gonzalez, Hector"
Eastern_New_York,"Gujarati, Diane"
Eastern_New_York,"Hurley, Denis Reagan"
Eastern_New_York,"Irizarry, Dora L."
Eastern_New_York,"Komitee, Eric Ross"
Eastern_New_York,"Korman, Edward Robert"
Eastern_New_York,"Kovner, Rachel Peter"
Eastern_New_York,"Kuntz, William Francis II"
Eastern_New_York,"Matsumoto, Kiyo A."
Eastern_New_York,"Mauskopf, Roslynn Renee"
Eastern_New_York,"Merchant, Orelia Eleta"
Eastern_New_York,"Merle, Natasha Clarise"
Eastern_New_York,"Morrison, Nina Rauh"
Eastern_New_York,"Reyes, Ramon Ernesto, Jr."
Eastern_New_York,"Ross, Allyne R."
Eastern_New_York,"Seybert, Joanna"
Eastern_New_York,"Vitaliano, Eric Nicholas"
Northern_California,"Alsup, William Haskell"
Northern_California,"Armstrong, Saundra Brown"
Northern_California,"Breyer, Charles R."
Northern_California,"Chen, Edward Milton"
Northern_California,"Chesney, Maxine M."
Northern_California,"Chhabria, Vince Girdhari"
Northern_California,"Corley, Jacqueline Scott"
Northern_California,"Davila, Edward John"
Northern_California,"Donato, James"
Northern_California,"Freeman, Beth Labson"
Northern_California,"Gilliam, Haywood Stirling, Jr."
Northern_California,"Hamilton, Phyllis Jean"
Northern_California,"Henderson, Thelton Eugene"
Northern_California,"Illston, Susan Yvonne"
Northern_California,"Lin, Rita Faye"
Northern_California,"Martinez-Olguin, Araceli"
Northern_California,"Orrick, William Horsley III"
Northern_California,"Pitts, Patrick Casey"
Northern_California,"Rogers, Yvonne Gonzalez"
Northern_California,"Seeborg, Richard G."
Northern_California,"Thompson, Trina Lynn"
Northern_California,"Tigar, Jon Steven"
Northern_California,"White, Jeffrey Steven"
Northern_California,"Wilken, Claudia Ann"
Eastern Pennsylvania,"Bartle, Harvey III"
Eastern Pennsylvania,"Baylson, Michael M."
Eastern Pennsylvania,"Beetlestone, Wendy"
Eastern Pennsylvania,"Brody, Anita Blumstein"
Eastern Pennsylvania,"Buckwalter, Ronald Lawrence"
Eastern Pennsylvania,"Davis, Legrome D."
Eastern Pennsylvania,"Diamond, Paul Steven"
Eastern Pennsylvania,"DuBois, Jan Ely"
Eastern Pennsylvania,"Gallagher, John Michael"
Eastern Pennsylvania,"Goldberg, Mitchell S."
Eastern Pennsylvania,"Hodge, Kelley Brisbon"
Eastern Pennsylvania,"Jones, C. Darnell II"
Eastern Pennsylvania,"Kearney, Mark A."
Eastern Pennsylvania,"Kelly, Robert F."
Eastern Pennsylvania,"Kenney, Chad Francis, Sr."
Eastern Pennsylvania,"Leeson, Joseph F., Jr."
Eastern Pennsylvania,"Marston, Karen Spencer"
Eastern Pennsylvania,"McHugh, Gerald Austin, Jr."
Eastern Pennsylvania,"Murphy, John Frank"
Eastern Pennsylvania,"Padova, John R."
Eastern Pennsylvania,"Pappert, Gerald John"
Eastern Pennsylvania,"Perez, Mia Roberts"
Eastern Pennsylvania,"Pratter, Gene E.K."
Eastern Pennsylvania,"Quiñones Alejandro, Nitza Ileana"
Eastern Pennsylvania,"Rufe, Cynthia M."
Eastern Pennsylvania,"Sánchez, Juan Ramon"
Eastern Pennsylvania,"Savage, Timothy J."
Eastern Pennsylvania,"Schiller, Berle M."
Eastern Pennsylvania,"Schmehl, Jeffrey L."
Eastern Pennsylvania,"Scott, Kai Niambi"
Eastern Pennsylvania,"Slomsky, Joel Harvey"
Eastern Pennsylvania,"Surrick, R[ichard] Barclay"
Eastern Pennsylvania,"Tucker, Petrese B."
Eastern Pennsylvania,"Wolson, Joshua David"
Eastern Pennsylvania,"Yohn, William Hendricks, Jr."
Eastern Pennsylvania,"Younge, John Milton"
North Dakota,"Conmy, Patrick Anthony"
North Dakota,"Hovland, Daniel L."
North Dakota,"Traynor, Daniel Mack"
North Dakota,"Welte, Peter David"
Middle Pennsylvania,"Brann, Matthew William"
Middle Pennsylvania,"Conner, Christopher C."
Middle Pennsylvania,"Kane, Yvette"
Middle Pennsylvania,"Mannion, Malachy Edward"
Middle Pennsylvania,"Mariani, Robert David"
Middle Pennsylvania,"Munley, Julia Kathleen"
Middle Pennsylvania,"Rambo, Sylvia H."
Middle Pennsylvania,"Wilson, Jennifer Philpott"
Maine,"Hornby, David Brock"
Maine,"Levy, Jon David"
Maine,"Singal, George Z."
Maine,"Torresen, Nancy"
Maine,"Walker, Lance Edward"
Maine,"Woodcock, John A., Jr."
Middle North Carolina,"Biggs, Loretta Copeland"
Middle North Carolina,"Eagles, Catherine Caldwell"
Middle North Carolina,"Osteen, William Lindsay, Jr."
Middle North Carolina,"Schroeder, Thomas D."
Middle North Carolina,"Tilley, Norwood Carlton, Jr."
D_Columbia,"AliKhan, Loren Linn"
D_Columbia,"Bates, John D."
D_Columbia,"Boasberg, James Emanuel"
D_Columbia,"Chutkan, Tanya Sue"
D_Columbia,"Cobb, Jia Michelle"
D_Columbia,"Collyer, Rosemary M."
D_Columbia,"Contreras, Rudolph"
D_Columbia,"Cooper, Christopher Reid"
D_Columbia,"Friedman, Paul L."
D_Columbia,"Friedrich, Dabney Langhorne"
D_Columbia,"Green, Joyce Hens"
D_Columbia,"Hogan, Thomas Francis"
D_Columbia,"Howell, Beryl Alaine"
D_Columbia,"Huvelle, Ellen Segal"
D_Columbia,"Jackson, Amy Berman"
D_Columbia,"Kelly, Timothy James"
D_Columbia,"Kennedy, Henry Harold, Jr."
D_Columbia,"Kollar-Kotelly, Colleen"
D_Columbia,"Lamberth, Royce C."
D_Columbia,"Leon, Richard J."
D_Columbia,"McFadden, Trevor Neil"
D_Columbia,"Mehta, Amit Priyavadan"
D_Columbia,"Moss, Randolph Daniel"
D_Columbia,"Nichols, Carl John"
D_Columbia,"Reyes, Ana Cecilia"
D_Columbia,"Roberts, Richard W."
D_Columbia,"Sullivan, Emmet G."
D_Columbia,"Walton, Reggie B."
Middle Tennessee,"Campbell, William Lynn, Jr."
Middle Tennessee,"Crenshaw, Waverly David, Jr."
Middle Tennessee,"Richardson, Eli Jeremy"
Middle Tennessee,"Trauger, Aleta Arthur"
Eastern_Kentucky,"Bertelsman, William Odis"
Eastern_Kentucky,"Boom, Claria Horn"
Eastern_Kentucky,"Bunning, David L."
Eastern_Kentucky,"Caldwell, Karen K."
Eastern_Kentucky,"Hood, Joseph Martin"
Eastern_Kentucky,"Reeves, Danny C."
Eastern_Kentucky,"Van Tatenhove, Gregory Frederick"
Eastern_Kentucky,"Wier, Robert Earl"
Utah,"Barlow, David Bruce"
Utah,"Campbell, Tena"
Utah,"Kimball, Dale A."
Utah,"Nielson, Howard Curtis, Jr."
Utah,"Nuffer, David Ogden"
Utah,"Parrish, Jill N."
Utah,"Sam, David"
Utah,"Shelby, Robert James"
Utah,"Stewart, Brian Theadore"
Utah,"Waddoups, Clark"
Middle_Georgia,"Gardner, Leslie Abrams"
Middle_Georgia,"Land, Clay D."
Middle_Georgia,"Lawson, Hugh"
Middle_Georgia,"Royal, C. Ashley"
Middle_Georgia,"Sands, W[illie] Louis"
Middle_Georgia,"Self, Tilman Eugene III"
Middle_Georgia,"Treadwell, Marc Thomas"
Middle_Alabama,"Albritton, William Harold III"
Middle_Alabama,"Huffaker, R. Austin, Jr."
Middle_Alabama,"Marks, Emily Coody"
Middle_Alabama,"Thompson, Myron Herbert"
Middle_Alabama,"Watkins, William Keith"
Colorado,"Arguello, Christine M."
Colorado,"Babcock, Lewis Thornton"
Colorado,"Blackburn, Robert E."
Colorado,"Brimmer, Philip A."
Colorado,"Domenico, Daniel Desmond"
Colorado,"Gallagher, Gordon Paul"
Colorado,"Jackson, Richard Brooke"
Colorado,"Kane, John L., Jr."
Colorado,"Krieger, Marcia S."
Colorado,"Martinez, William Joseph"
Colorado,"Moore, Raymond Paul"
Colorado,"Rodriguez, Regina Marie"
Colorado,"Sweeney, Charlotte Noelle"
Colorado,"Wang, Nina Nin-Yuen"
Western_Arkansas,"Brooks, Timothy Lloyd"
Western_Arkansas,"Dawson, Robert Toombs"
Western_Arkansas,"Hendren, Jimm Larry"
Western_Arkansas,"Hickey, Susan Owens"
Western_Arkansas,"Holmes, Paul Kinloch III"
Eastern_Michigan,"Behm, Frances Kay"
Eastern_Michigan,"Berg, Terrence George"
Eastern_Michigan,"Borman, Paul D."
Eastern_Michigan,"Cleland, Robert Hardy"
Eastern_Michigan,"Cox, Sean Francis"
Eastern_Michigan,"DeClercq, Susan Kim"
Eastern_Michigan,"Drain, Gershwin Allen"
Eastern_Michigan,"Edmunds, Nancy Garlock"
Eastern_Michigan,"Friedman, Bernard A."
Eastern_Michigan,"Goldsmith, Mark Allan"
Eastern_Michigan,"Grey, Jonathan James Canada"
Eastern_Michigan,"Hood, Denise Page"
Eastern_Michigan,"Kumar, Shalina Deborah"
Eastern_Michigan,"Lawson, David M."
Eastern_Michigan,"Leitman, Matthew Frederick"
Eastern_Michigan,"Levy, Judith Ellen"
Eastern_Michigan,"Ludington, Thomas Lamson"
Eastern_Michigan,"McMillion, Brandy Renée"
Eastern_Michigan,"Michelson, Laurie Jill"
Eastern_Michigan,"Murphy, Stephen Joseph III"
Eastern_Michigan,"O'Meara, John Corbett"
Eastern_Michigan,"Parker, Linda Vivienne"
Eastern_Michigan,"Steeh, George Caram III"
Northern_Florida,"Collier, Lacey A."
Northern_Florida,"Hinkle, Robert Lewis"
Northern_Florida,"Rodgers, Margaret Catharine"
Northern_Florida,"Stafford, William Henry, Jr."
Northern_Florida,"Walker, Mark Eaton"
Northern_Florida,"Wetherell, T. Kent II"
Northern_Florida,"Winsor, Allen Cothrel"
Eastern Washington,"Bastian, Stanley Allen"
Eastern Washington,"Dimke, Mary Katherine"
Eastern Washington,"Nielsen, William Fremming"
Eastern Washington,"Peterson, Rosanna Malouf"
Eastern Washington,"Quackenbush, Justin Lowe"
Eastern Washington,"Rice, Thomas Owen"
Eastern Washington,"Shea, Edward F."
Eastern Washington,"Suko, Lonny R."
Eastern Washington,"Whaley, Robert H."
Western_Louisiana,"Cain, James David, Jr."
Western_Louisiana,"Doughty, Terry Alvin"
Western_Louisiana,"Drell, Dee D."
Western_Louisiana,"Foote, Elizabeth Erny"
Western_Louisiana,"Hicks, S. Maurice, Jr."
Western_Louisiana,"James, Robert Gillespie"
Western_Louisiana,"Joseph, David Cleveland"
Western_Louisiana,"Melancon, Tucker L."
Western_Louisiana,"Summerhays, Robert Rees"
Western_Louisiana,"Trimble, James Travis, Jr."
Western_Louisiana,"Walter, Donald Ellsworth"
Massachusetts,"Burroughs, Allison Dale"
Massachusetts,"Casper, Denise Jefferson"
Massachusetts,"Gorton, Nathaniel M."
Massachusetts,"Guzman, Margaret Rose"
Massachusetts,"Harrington, Edward Francis"
Massachusetts,"Hillman, Timothy Spafard"
Massachusetts,"Joun, Myong Jin"
Massachusetts,"Kelley, Angel"
Massachusetts,"Kobick, Julia Eleanor"
Massachusetts,"Mastroianni, Mark Gerald"
Massachusetts,"O'Toole, George A., Jr."
Massachusetts,"Ponsor, Michael Adrian"
Massachusetts,"Saris, Patti B."
Massachusetts,"Saylor, F. Dennis IV"
Massachusetts,"Sorokin, Leo Theodore"
Massachusetts,"Stearns, Richard Gaylore"
Massachusetts,"Talwani, Indira"
Massachusetts,"Wolf, Mark Lawrence"
Massachusetts,"Woodlock, Douglas Preston"
Massachusetts,"Young, William G."
Massachusetts,"Zobel, Rya Weickert"
Northern_Illinois,"Alonso, Jorge Luis"
Northern_Illinois,"Aspen, Marvin E."
Northern_Illinois,"Blakey, John Robert"
Northern_Illinois,"Bucklo, Elaine E."
Northern_Illinois,"Chang, Edmond E-Min"
Northern_Illinois,"Coleman, Sharon Johnson"
Northern_Illinois,"Conlon, Suzanne B."
Northern_Illinois,"Cummings, Jeffrey Irvine"
Northern_Illinois,"Daniel, Jeremy Christen"
Northern_Illinois,"Dow, Robert Michael, Jr."
Northern_Illinois,"Durkin, Thomas Michael"
Northern_Illinois,"Ellis, Sara Lee"
Northern_Illinois,"Gettleman, Robert William"
Northern_Illinois,"Gottschall, Joan B."
Northern_Illinois,"Guzman, Ronald A."
Northern_Illinois,"Hunt, LaShonda Annette"
Northern_Illinois,"Jenkins, Lindsay Clayton"
Northern_Illinois,"Johnston, Iain David"
Northern_Illinois,"Kapala, Frederick J."
Northern_Illinois,"Kendall, Virginia Mary"
Northern_Illinois,"Kennelly, Matthew F."
Northern_Illinois,"Kness, John Fitzgerald"
Northern_Illinois,"Kocoras, Charles Petros"
Northern_Illinois,"Lefkow, Joan Humphrey"
Northern_Illinois,"Leinenweber, Harry Daniel"
Northern_Illinois,"Maldonado, Nancy Lee"
Northern_Illinois,"Marovich, George Michael"
Northern_Illinois,"Norgle, Charles Ronald, Sr."
Northern_Illinois,"Pacold, Martha Maria"
Northern_Illinois,"Pallmeyer, Rebecca R."
Northern_Illinois,"Reinhard, Philip Godfrey"
Northern_Illinois,"Rowland, Mary Margaret"
Northern_Illinois,"Seeger, Steven Charles"
Northern_Illinois,"Shah, Manish Suresh"
Northern_Illinois,"Tharp, John Joseph, Jr."
Northern_Illinois,"Valderrama, Franklin Ulyses"
Northern_Illinois,"Wood, Andrea Robin"
Northern_Indiana,"Brady, Holly Ann"
Northern_Indiana,"DeGuilio, Jon Ernest"
Northern_Indiana,"Lee, William Charles"
Northern_Indiana,"Leichty, Damon Ray"
Northern_Indiana,"Miller, Robert Lowell, Jr."
Northern_Indiana,"Moody, James Tyne"
Northern_Indiana,"Simon, Philip P."
Northern_Indiana,"Springmann, Theresa Lazar"
Northern_Indiana,"Van Bokkelen, Joseph S."
Western_Michigan,"Beckering, Jane Marie"
Western_Michigan,"Jarbou, Hala Yalda"
Western_Michigan,"Jonker, Robert James"
Western_Michigan,"Maloney, Paul Lewis"
Western_Michigan,"Neff, Janet T."
Western_Michigan,"Quist, Gordon Jay"
Connecticut,"Arterton, Janet Bond"
Connecticut,"Bolden, Victor Allen"
Connecticut,"Bryant, Vanessa Lynne"
Connecticut,"Chatigny, Robert N."
Connecticut,"Covello, Alfred V."
Connecticut,"Dooley, Kari Anne"
Connecticut,"Hall, Janet C."
Connecticut,"Meyer, Jeffrey Alker"
Connecticut,"Nagala, Sarala Vidya"
Connecticut,"Oliver, Vernon Dion"
Connecticut,"Shea, Michael P."
Connecticut,"Thompson, Alvin W."
Connecticut,"Underhill, Stefan R."
Connecticut,"Williams, Omar Antonio"
Southern_Georgia,"Baker, R. Stan"
Southern_Georgia,"Bowen, Dudley Hollingsworth, Jr."
Southern_Georgia,"Hall, James Randal"
Southern_Georgia,"Moore, William Theodore, Jr."
Southern_Georgia,"Wood, Lisa Godbey"
Middle_Alabama,"Beaverstock, Jeffrey Uhlman"
Middle_Alabama,"Butler, Charles Randolph, Jr."
Middle_Alabama,"DuBose, Kristi"
Middle_Alabama,"Granade, Callie V."
Middle_Alabama,"Moorer, Terry Fitzgerald"
Middle_Alabama,"Steele, William H."
Eastern Wisconsin,"Adelman, Lynn S."
Eastern Wisconsin,"Griesbach, William C."
Eastern Wisconsin,"Ludwig, Brett Harry"
Eastern Wisconsin,"Pepper, Pamela"
Eastern Wisconsin,"Stadtmueller, Joseph Peter"
Southern_Mississippi,"Bramlette, David C."
Southern_Mississippi,"Guirola, Louis, Jr."
Southern_Mississippi,"Johnson, Kristi Haskins"
Southern_Mississippi,"Jordan, Daniel Porter III"
Southern_Mississippi,"Lee, Tom Stewart"
Southern_Mississippi,"McNeel, Taylor Brantley"
Southern_Mississippi,"Ozerden, Halil Suleyman"
Southern_Mississippi,"Reeves, Carlton Wayne"
Southern_Mississippi,"Starrett, Keith"
Southern_Mississippi,"Wingate, Henry Travillion"
New_Mexico,"Armijo, M. Christina"
New_Mexico,"Brack, Robert C."
New_Mexico,"Browning, James O."
New_Mexico,"Garcia, Matthew Lane"
New_Mexico,"Gonzales, Kenneth John"
New_Mexico,"Herrera, Judith C."
New_Mexico,"Johnson, William Paul"
New_Mexico,"Riggs, Kea Whetzal"
New_Mexico,"Strickland, Margaret Irene"
New_Mexico,"Urias, David Herrera"
New_Mexico,"Vázquez, Martha Alicia"
Southern Texas,"Alvarez, Micaela"
Southern Texas,"Bennett, Alfred Homer"
Southern Texas,"Brown, Jeffrey Vincent"
Southern Texas,"Crane, Randy"
Southern Texas,"Ellison, Keith P."
Southern Texas,"Eskridge, Charles R. III"
Southern Texas,"Garcia Marmolejo, Marina"
Southern Texas,"Hanen, Andrew S."
Southern Texas,"Hanks, George Carol, Jr."
Southern Texas,"Harmon, Melinda"
Southern Texas,"Head, Hayden Wilson, Jr."
Southern Texas,"Hinojosa, Ricardo H."
Southern Texas,"Hittner, David"
Southern Texas,"Hoyt, Kenneth M."
Southern Texas,"Hughes, Lynn Nettleton"
Southern Texas,"Jack, Janis Graham"
Southern Texas,"Lake, Simeon Timothy III"
Southern Texas,"Miller, Gray Hampton"
Southern Texas,"Morales, David Steven"
Southern Texas,"Olvera, Jose Rolando, Jr."
Southern Texas,"Rainey, John David"
Southern Texas,"Ramos, Nelva Gonzales"
Southern Texas,"Rodriguez, Fernando, Jr."
Southern Texas,"Rosenthal, Lee Hyman"
Southern Texas,"Saldaña, Diana"
Southern Texas,"Tagle, Hilda G."
Southern Texas,"Tipton, Drew Barnett"
Southern Texas,"Werlein, Ewing, Jr."
Southern_California,"Anello, Michael M."
Southern_California,"Bashant, Cynthia Ann"
Southern_California,"Battaglia, Anthony Joseph"
Southern_California,"Bencivengo, Cathy Ann"
Southern_California,"Benitez, Roger T."
Southern_California,"Burns, Larry Alan"
Southern_California,"Curiel, Gonzalo Paul"
Southern_California,"Hayes, William Q."
Southern_California,"Houston, John A."
Southern_California,"Huff, Marilyn L."
Southern_California,"Huie, Robert Steven"
Southern_California,"Lopez, Linda"
Southern_California,"Lorenz, M. James"
Southern_California,"Miller, Jeffrey T."
Southern_California,"Montenegro, Ruth Bermudez"
Southern_California,"Moskowitz, Barry Ted"
Southern_California,"Ohta, Jinsook"
Southern_California,"Robinson, Todd Wallace"
Southern_California,"Sabraw, Dana Makoto"
Southern_California,"Sammartino, Janis Lynn"
Southern_California,"Schopler, Andrew George"
Southern_California,"Simmons, James Edward, Jr."
Southern_California,"Whelan, Thomas J."
Nevada,"Boulware, Richard Franklin II"
Nevada,"Dawson, Kent J."
Nevada,"Dorsey, Jennifer Anna"
Nevada,"Du, Miranda Mai"
Nevada,"Gordon, Andrew Patrick"
Nevada,"Hicks, Larry R."
Nevada,"Hunt, Roger L."
Nevada,"Jones, Robert Clive"
Nevada,"Mahan, James C."
Nevada,"McKibben, Howard D."
Nevada,"Navarro, Gloria Maria"
Nevada,"Silva, Cristina Dionne"
Nevada,"Traum, Anne Rachel"
Western North Carolina,"Biggs, Loretta Copeland"
Western North Carolina,"Eagles, Catherine Caldwell"
Western North Carolina,"Osteen, William Lindsay, Jr."
Western North Carolina,"Schroeder, Thomas D."
Western North Carolina,"Tilley, Norwood Carlton, Jr."
Rhode Island,"Lisi, Mary M."
Rhode Island,"McConnell, John James, Jr."
Rhode Island,"McElroy, Mary Susan"
Rhode Island,"Smith, William E."
Eastern Tennessee,"Atchley, Charles Edward, Jr."
Eastern Tennessee,"Collier, Curtis Lynn"
Eastern Tennessee,"Corker, Clifton Leland"
Eastern Tennessee,"Crytzer, Katherine Amber"
Eastern Tennessee,"Edgar, Robert Allan"
Eastern Tennessee,"Greer, J. Ronnie"
Eastern Tennessee,"Jordan, Robert Leon"
Eastern Tennessee,"McDonough, Travis Randall"
Eastern Tennessee,"Phillips, Thomas W."
Eastern Tennessee,"Varlan, Thomas A."
Northern_Iowa,"Reade, Linda R."
Northern_Iowa,"Strand, Leonard Terry"
Northern_Iowa,"Williams, Charles Joseph"
Central_California,"Aenlle-Rocha, Fernando Lazaro"
Central_California,"Almadani, Monica Ramirez"
Central_California,"Anderson, Percy"
Central_California,"Bernal, Jesus Gilberto"
Central_California,"Birotte, Andre, Jr."
Central_California,"Blumenfeld, Stanley, Jr."
Central_California,"Carney, Cormac J."
Central_California,"Carter, David O."
Central_California,"Fairbank, Valerie Baker"
Central_California,"Fischer, Dale S."
Central_California,"Fitzgerald, Michael Walter"
Central_California,"Frimpong, Maame Ewusi-Mensah"
Central_California,"Garnett, Sherilyn Peace"
Central_California,"Gee, Dolly Maizie"
Central_California,"Gutierrez, Philip S."
Central_California,"Hatter, Terry J., Jr."
Central_California,"Holcomb, John William"
Central_California,"Hsu, Wesley Liu"
Central_California,"Kato, Kenly Kiya"
Central_California,"Keller, William Duffy"
Central_California,"Klausner, Robert Gary"
Central_California,"Kronstadt, John Arnold"
Central_California,"Marshall, Consuelo Bland"
Central_California,"Olguin, Fernando Manzano"
Central_California,"Phillips, Virginia A."
Central_California,"Pregerson, Dean D."
Central_California,"Scarsi, Mark Christopher"
Central_California,"Selna, James V."
Central_California,"Slaughter, Fred Wallace"
Central_California,"Snyder, Christina A."
Central_California,"Staton, Josephine L."
Central_California,"Sykes, Sunshine Suzanne"
Central_California,"Vera, Hernán Diego"
Central_California,"Walter, John F."
Central_California,"Wilson, Stephen Victor"
Central_California,"Wright, Otis D. II"
Central_California,"Wu, George H."
Oregon,"Aiken, Ann L."
Oregon,"Brown, Anna J."
Oregon,"Haggerty, Ancer Lee"
Oregon,"Hernandez, Marco Antonio"
Oregon,"Immergut, Karin Johanna"
Oregon,"Jones, Robert Edward"
Oregon,"Marsh, Malcolm Francis"
Oregon,"McShane, Michael Jerome"
Oregon,"Mosman, Michael W."
Oregon,"Nelson, Adrienne Camille"
Oregon,"Simon, Michael H."
Northern_Mississippi,"Aycock, Sharion"
Northern_Mississippi,"Brown, Debra Marie"
Northern_Mississippi,"Davidson, Glen H."
Northern_Mississippi,"Mills, Michael P."
Vermont,"Crawford, Geoffrey William"
Vermont,"Murtha, John Garvan"
Vermont,"Reiss, Christina Clair"
Vermont,"Sessions, William K. III"
Eastern_Arkansas,"Baker, Kristine Gerhard"
Eastern_Arkansas,"Marshall, Denzil Price, Jr."
Eastern_Arkansas,"Miller, Brian Stacy"
Eastern_Arkansas,"Moody, James Maxwell, Jr."
Eastern_Arkansas,"Rudofsky, Lee Philip"
Eastern_Arkansas,"Wilson, Billy Roy"
Eastern_Arkansas,"Wright, Susan Webber"
