Names,Race or Ethnicity
"Abrams, Ronnie",White
"Adams, John R.",White
"Adelman, Lynn S.",White
"Africk, Lance M.",White
"Agee, G. Steven",White
"Aiken, Ann L.",White
"Albright, Alan D",White
"Albritton, William Harold III",White
"Alito, Samuel A., Jr.",White
"Alley, Wayne Edward",White
"Alsop, Donald Douglas",White
"Alsup, William Haskell",White
"Ambro, Thomas L.",White
"Ambrose, Donetta W.",White
"Amon, Carol Bagley",White
"Anderson, Joseph Fletcher, Jr.",White
"Anderson, R[obert] Lanier III",White
"Anderson, Stanley Thomas",White
"Anderson, Stephen Hale",White
"Andrews, Richard Gibson",White
"Anello, Michael M.",White
"Antoon, John II",White
"Aquilino, Thomas Joseph, Jr.",White
"Arcara, Richard Joseph",White
"Arleo, Madeline Cox",White
"Arnold, Morris Sheppard",White
"Arterton, Janet Bond",White
"Ashe, Barry Weldon",White
"Aspen, Marvin E.",White
"Atchley, Charles Edward, Jr.",White
"Axon, Annemarie Carney",White
"Aycock, Sharion",White
"Azrack, Joan Marie",White
"Babcock, Lewis Thornton",White
"Bacharach, Robert Edwin",White
"Badalamenti, John Leonard",White
"Bade, Bridget Shelton",White
"Bailey, John Preston",White
"Baker, Kristine Gerhard",White
"Baker, M. Miller",White
"Baker, R. Stan",White
"Baldock, Bobby Ray",White
"Ballou, Robert Stewart",White
"Barbadoro, Paul J.",White
"Barber, Thomas Patrick",White
"Barbier, Carl J.",White
"Barker, J. Campbell",White
"Barker, Pamela Ann",White
"Barker, Sarah Evans",White
"Barksdale, Rhesa Hawkins",White
"Barlow, David Bruce",White
"Barnett, Mark Allen",White
"Barrett, Amy Coney",White
"Barrett, Michael Ryan",White
"Barron, David Jeremiah",White
"Bartle, Harvey III",White
"Barzilay, Judith Morgenstern",White
"Bashant, Cynthia Ann",White
"Bastian, Stanley Allen",White
"Bataillon, Joseph F.",White
"Batchelder, Alice Moore",White
"Bates, John D.",White
"Battaglia, Anthony Joseph",White
"Batten, Timothy C., Sr.",White
"Bauer, William Joseph",White
"Baxter, Susan Paradise",White
"Baylson, Michael M.",White
"Beam, C[larence] Arlen",White
"Beaton, Benjamin Joel",White
"Beaverstock, Jeffrey Uhlman",White
"Beckering, Jane Marie",White
"Beckwith, Sandra Shank",White
"Behm, Frances Kay",White
"Beistline, Ralph R.",White
"Bell, Kenneth Davis, Sr.",White
"Belot, Monti L.",White
"Bencivengo, Cathy Ann",White
"Bennett, Mark Jeremy",White
"Bennett, Richard D.",White
"Benton, William Duane",White
"Berg, Terrence George",White
"Berger, Wendy Williams",White
"Berman, Richard M.",White
"Berrigan, Helen Ginger",White
"Bertelsman, William Odis",White
"Berzon, Marsha Siegel",White
"Bianco, Joseph Frank",White
"Bibas, Stephanos",White
"Biery, Samuel Frederick, Jr.",White
"Black, Susan Harrell",White
"Black, Timothy Seymour",White
"Blackburn, Robert E.",White
"Blackburn, Sharon Lovelace",White
"Blake, Catherine C.",White
"Blakey, John Robert",White
"Bloch, Alan Neil",White
"Block, Frederic",White
"Bloom, Beth Francine",White
"Bloomekatz, Rachel Sarah",White
"Blumenfeld, Stanley, Jr.",White
"Boardman, Deborah Lynn",White
"Boasberg, James Emanuel",White
"Boggs, Danny Julian",White
"Bolton, Susan Ritchie",White
"Boom, Claria Horn",White
"Borman, Paul D.",White
"Bough, Stephen Rogers",White
"Boulee, Jean-Paul",White
"Bowdre, Karon O.",White
"Bowen, Dudley Hollingsworth, Jr.",White
"Bowman, Pasco Middleton II",White
"Boyko, Christopher A.",White
"Boyle, Jane J.",White
"Boyle, Terrence William",White
"Brack, Robert C.",White
"Brady, Holly Ann",White
"Brailsford, Amanda Kathleen",White
"Bramlette, David C.",White
"Branch, Elizabeth Lee",White
"Brann, Matthew William",White
"Brasel, Nancy Ellen",White
"Brasher, Andrew Lynn",White
"Bredar, James Kelleher",White
"Breen, J. Daniel",White
"Brennan, Bridget Meehan",White
"Brennan, Michael Brian",White
"Bress, Daniel Aaron",White
"Breyer, Charles R.",White
"Breyer, Stephen Gerald",White
"Briccetti, Vincent Louis",White
"Brimmer, Philip A.",White
"Brinkema, Leonie M.",White
"Briscoe, Mary Beck",White
"Britt, William Earl",White
"Brnovich, Susan Marie",White
"Brody, Anita Blumstein",White
"Brookman, Matthew Paul",White
"Brooks, Timothy Lloyd",White
"Broomes, John Wesley",White
"Brorby, Wade",White
"Brown, Anna J.",White
"Brown, Gary Richard",White
"Brown, Jeffrey Vincent",White
"Brown, Michael Lawrence",White
"Browning, James O.",White
"Bruce, Colin Stirling",White
"Bryan, Robert Jensen",White
"Bryson, William Curtis",White
"Buchwald, Naomi Reice",White
"Bucklew, Susan C.",White
"Bucklo, Elaine E.",White
"Buckwalter, Ronald Lawrence",White
"Buescher, Brian Craig",White
"Bumb, Renée Marie",White
"Bunning, David L.",White
"Burgess, Timothy Mark",White
"Burke, Liles Clifton",White
"Burns, Larry Alan",White
"Burroughs, Allison Dale",White
"Bury, David C.",White
"Bush, John Kenneth",White
"Butler, Charles Randolph, Jr.",White
"Bybee, Jay S.",White
"Byron, Paul Gregory",White
"Cain, James David, Jr.",White
"Cain, Timothy Martin",White
"Calabrese, J. Philip",White
"Calabresi, Guido",White
"Calabretta, Daniel Joe Powell",White
"Caldwell, Karen K.",White
"Campbell, David G.",White
"Campbell, Levin Hicks",White
"Campbell, Tena",White
"Campbell, William Lynn, Jr.",White
"Canby, William Cameron, Jr.",White
"Caproni, Valerie Elaine",White
"Carnes, Edward Earl",White
"Carnes, Julie E.",White
"Carney, Cormac J.",White
"Carney, Susan Laura",White
"Carr, James G.",White
"Carson, Joel McElroy III",White
"Carter, David O.",White
"Cartwright, Tiffany Mae",White
"Castel, P. Kevin",White
"Castner, Georgette",White
"Cauthron, Robin J.",White
"Cecchi, Claire Claudia",White
"Cercone, David S.",White
"Chagares, Michael A.",White
"Chambers, Robert Charles",White
"Chappell, Sheri Polster",White
"Chasanow, Deborah K.",White
"Chatigny, Robert N.",White
"Chesler, Stanley R.",White
"Chesney, Maxine M.",White
"Christen, Morgan",White
"Christensen, Dana Lewis",White
"Clark, Ron",White
"Clark, Stephen Robert, Sr.",White
"Cleland, Robert Hardy",White
"Clement, Edith Brown",White
"Clevenger, Raymond Charles III",White
"Clifton, Richard R.",White
"Cogan, Brian Mark",White
"Cogburn, Max Oliver, Jr.",White
"Coggins, Donald Cecil, Jr.",White
"Cohen, Mark Howard",White
"Cohn, James I.",White
"Cole, Douglas Russell",White
"Collier, Lacey A.",White
"Collins, Daniel Paul",White
"Colloton, Steven M.",White
"Collyer, Rosemary M.",White
"Colville, Robert John",White
"Conley, William Martin",White
"Conlon, Suzanne B.",White
"Conmy, Patrick Anthony",White
"Conner, Christopher C.",White
"Connolly, Colm Felix",White
"Conrad, Robert James, Jr.",White
"Conti, Joy Flowers",White
"Conway, Anne C.",White
"Coogler, L. Scott",White
"Cook, Deborah L.",White
"Cooper, Mary Little",White
"Copenhaver, John Thomas, Jr.",White
"Corker, Clifton Leland",White
"Corley, Jacqueline Scott",White
"Corrigan, Timothy J.",White
"Cote, Denise",White
"Coughenour, John C.",White
"Counts, Walter David III",White
"Covello, Alfred V.",White
"Cowen, Robert E.",White
"Cox, Sean Francis",White
"Crabb, Barbara Brandriff",White
"Crabtree, Daniel Dale",White
"Crawford, Geoffrey William",White
"Cronan, John Peter",White
"Crone, Marcia A.",White
"Crotty, Paul Austin",White
"Crouse, Toby Jon",White
"Crytzer, Katherine Amber",White
"Cullen, Thomas Tullidge",White
"Cummings, Samuel Ray",White
"Currie, Cameron McGowan",White
"D'Agostino, Mae Avila",White
"Dalton, Roy Bale, Jr.",White
"Darrow, Sara Lynn",White
"Daughtrey, Martha Craig",White
"Davidson, Glen H.",White
"Davis, Mark Steven",White
"Davis, W. Eugene",White
"Dawson, Kent J.",White
"Dawson, Robert Toombs",White
"Dearie, Raymond Joseph",White
"DeGiusti, Timothy D.",White
"deGravelles, John Wheadon",White
"DeGuilio, Jon Ernest",White
"Dennis, James L.",White
"Dever, James C. III",White
"Diamond, Paul Steven",White
"Dick, Shelly Deckert",White
"Dillon, Elizabeth Kay",White
"Dimitrouleas, William P.",White
"Dimke, Mary Katherine",White
"Dimmick, Carolyn R.",White
"Dishman, Jodi Warmbrod",White
"Dlott, Susan J.",White
"Domenico, Daniel Desmond",White
"Donato, James",White
"Donnelly, Ann Marie",White
"Dooley, Kari Anne",White
"Dorsey, Jennifer Anna",White
"Doty, David Singleton",White
"Doughty, Terry Alvin",White
"Dow, Robert Michael, Jr.",White
"Dowdell, John Edward",White
"Drell, Dee D.",White
"Drozd, Dale Alan",White
"Dubina, Joel Fredrick",White
"DuBois, Jan Ely",White
"DuBose, Kristi",White
"Duhe, John Malcolm, Jr.",White
"Duncan, Stuart Kyle",White
"Durkin, Thomas Michael",White
"Dyk, Timothy B.",White
"Eagan, Claire",White
"Eagles, Catherine Caldwell",White
"Easterbrook, Frank Hoover",White
"Eaton, Richard K.",White
"Ebel, David M.",White
"Ebinger, Rebecca Goodgame",White
"Economus, Peter C.",White
"Edgar, Robert Allan",White
"Edmondson, James Larry",White
"Edmunds, Nancy Garlock",White
"Eid, Allison Hartwell",White
"Elliott, Samantha Dowd",White
"Ellis, Thomas Selby III",White
"Ellison, Keith P.",White
"Elrod, Jennifer Walker",White
"Engelhardt, Kurt Damian",White
"Engelmayer, Paul Adam",White
"Ericksen, Joan N.",White
"Erickson, Ralph R.",White
"Eskridge, Charles R. III",White
"Evans, Orinda Dale",White
"Evanson, Kymberly Kathryn",White
"Ezra, David Alan",White
"Faber, David A.",White
"Failla, Katherine Polk",White
"Fairbank, Valerie Baker",White
"Fallon, Eldon E.",White
"Farbiarz, Michael Etan",White
"Fawsett, Patricia C.",White
"Fenner, Gary A.",White
"Filippine, Edward Louis",White
"Fischer, Dale S.",White
"Fischer, Nora Barry",White
"Fish, A[llen] Joe",White
"Fisher, D. Michael",White
"Fitzgerald, Michael Walter",White
"Fitzwater, Sidney Allen",White
"Flanagan, Louise W.",White
"Flaum, Joel Martin",White
"Fleissig, Audrey Goldstein",White
"Fletcher, William A.",White
"Floyd, Henry Franklin",White
"Foote, Elizabeth Erny",White
"Forrest, Danielle Jo",White
"Frank, Donovan W.",White
"Freeman, Beth Labson",White
"Freudenthal, Nancy Dell",White
"Friedland, Michelle Taryn",White
"Friedman, Bernard A.",White
"Friedman, Paul L.",White
"Friedrich, Dabney Langhorne",White
"Friot, Stephen P.",White
"Frizzell, Gregory Kent",White
"Furman, Jesse Matthew",White
"Gallagher, Gordon Paul",White
"Gallagher, John Michael",White
"Gallagher, Stephanie Agli",White
"Garaufis, Nicholas",White
"Gardephe, Paul G.",White
"Garnett, Margaret M.",White
"Gaughan, Patricia Anne",White
"Geraci, Frank Paul, Jr.",White
"Geraghty, Sarah Elisabeth",White
"Gergel, Richard Mark",White
"Gerrard, John Melvin",White
"Gershon, Nina",White
"Gettleman, Robert William",White
"Gibbons, Julia Smith",White
"Gibney, John Adrian, Jr.",White
"Gibson, Kim R.",White
"Gilbert, John Phil",White
"Gillmor, Helen W.",White
"Gilman, Ronald Lee",White
"Gilstrap, James Rodney",White
"Ginsburg, Douglas Howard",White
"Glasser, Israel Leo",White
"Gleason, Sharon Louise",White
"Godbey, David C.",White
"Gold, Alan Stephen",White
"Goldberg, Mitchell S.",White
"Goldsmith, Mark Allan",White
"Goodwin, Charles Barnes",White
"Goodwin, Joseph Robert",White
"Gordon, Andrew Patrick",White
"Gordon, Leo Maury",White
"Gorsuch, Neil M.",White
"Gorton, Nathaniel M.",White
"Gottschall, Joan B.",White
"Gould, Ronald Murray",White
"Graber, Susan",White
"Graham, James L.",White
"Granade, Callie V.",White
"Grant, Britt Cagle",White
"Grasz, Leonard Steven",White
"Green, Joyce Hens",White
"Greer, J. Ronnie",White
"Griesbach, William C.",White
"Griffin, Richard Allen",White
"Gritzner, James E.",White
"Groh, Gina Marie",White
"Gruender, Raymond W.",White
"Guidry, Greg Gerard",White
"Guy, Ralph B., Jr.",White
"Gwin, James S.",White
"Haddon, Sam E.",White
"Haight, Charles Sherman, Jr.",White
"Haikala, Madeline Hughes",White
"Haines, Stephanie Lou",White
"Hale, David Jason",White
"Hall, James Randal",White
"Hall, Janet C.",White
"Hall, Jennifer Lynne",White
"Halpern, Philip Morgan",White
"Hamilton, David Frank",White
"Hamilton, Jean Constance",White
"Hanen, Andrew S.",White
"Hanes, Elizabeth Wilson",White
"Hanlon, James Patrick",White
"Hansen, David Rasmussen",White
"Hardiman, Thomas Michael",White
"Hardy, William Scott",White
"Harmon, Melinda",White
"Harpool, M. Douglas",White
"Harrington, Edward Francis",White
"Harris, Pamela Ann",White
"Hartz, Harris L.",White
"Harwell, Robert Bryan",White
"Hawkins, Michael Daly",White
"Hayden, Katharine Sweeney",White
"Hayes, William Q.",White
"Haynes, Catharina",White
"Head, Hayden Wilson, Jr.",White
"Heaton, Joe L.",White
"Heil, John Frederick III",White
"Hellerstein, Alvin K.",White
"Helmick, Jeffrey James",White
"Henderson, Karen LeCraft",White
"Hendren, Jimm Larry",White
"Hendricks, Bruce Howe",White
"Hendrix, James Wesley",White
"Herlong, Henry Michael, Jr.",White
"Heytens, Toby Jay",White
"Hickey, Susan Owens",White
"Hicks, Larry R.",White
"Hicks, S. Maurice, Jr.",White
"Higginbotham, Patrick Errol",White
"Higginson, Stephen Andrew",White
"Hillman, Noel Lawrence",White
"Hillman, Timothy Spafard",White
"Hilton, Claude M.",White
"Hinderaker, John Charles",White
"Hinkle, Robert Lewis",White
"Hittner, David",White
"Hogan, Thomas Francis",White
"Holcomb, John William",White
"Holland, H[ezekiah] Russel",White
"Hollander, Ellen Lipton",White
"Holmes, Paul Kinloch III",White
"Hood, Joseph Martin",White
"Hopkins, Virginia Emerson",White
"Horan, Marilyn Jean",White
"Hornak, Mark Raymond",White
"Hornby, David Brock",White
"Hovland, Daniel L.",White
"Howard, Jeffrey R.",White
"Howard, Malcolm Jones",White
"Howell, Beryl Alaine",White
"Huck, Paul C.",White
"Hudson, Henry E.",White
"Huff, Marilyn L.",White
"Huffaker, R. Austin, Jr.",White
"Hughes, Lynn Nettleton",White
"Hughes, Todd Michael",White
"Hull, Frank M.",White
"Hunt, Roger L.",White
"Hunt, Willis B., Jr.",White
"Hurd, David N.",White
"Hurley, Daniel T. K.",White
"Hurley, Denis Reagan",White
"Hurson, Brendan Abell",White
"Hurwitz, Andrew David",White
"Huvelle, Ellen Segal",White
"Ikuta, Sandra Segal",White
"Illston, Susan Yvonne",White
"Immergut, Karin Johanna",White
"Jack, Janis Graham",White
"Jackson, Amy Berman",White
"Jackson, Richard Brooke",White
"Jacobs, Dennis G.",White
"James, Robert Gillespie",White
"Jennings, Rebecca Grady",White
"Johnson, Alan Bond",White
"Johnson, Inge Prytz",White
"Johnson, Kristi Haskins",White
"Johnson, William Paul",White
"Johnston, Iain David",White
"Johnston, Thomas E.",White
"Johnstone, Anthony Devos",White
"Jolly, E. Grady",White
"Jones, Edith Hollan",White
"Jones, James Parker",White
"Jones, Robert Clive",White
"Jones, Robert Edward",White
"Jonker, Robert James",White
"Jordan, Daniel Porter III",White
"Jordan, Kent A.",White
"Jordan, Robert Leon",White
"Jordan, Sean D.",White
"Jorgenson, Cindy K.",White
"Joseph, David Cleveland",White
"Junell, Robert A.",White
"Jung, William Frederic",White
"Kacsmaryk, Matthew Joseph",White
"Kagan, Elena",White
"Kahn, Lawrence E.",White
"Kane, John L., Jr.",White
"Kane, Yvette",White
"Kapala, Frederick J.",White
"Kaplan, Lewis A.",White
"Karas, Kenneth M.",White
"Katsas, Gregory George",White
"Katzmann, Gary S.",White
"Kavanaugh, Brett M.",White
"Kay, Alan Cooke",White
"Kayatta, William Joseph, Jr.",White
"Kays, David Gregory",White
"Kearney, Mark A.",White
"Keeley, Irene Patricia Murphy",White
"Keenan, Barbara Milano",White
"Keenan, John Fontaine",White
"Keller, William Duffy",White
"Kelly, Claire Rita",White
"Kelly, Jane Louise",White
"Kelly, Paul Joseph, Jr.",White
"Kelly, Robert F.",White
"Kelly, Timothy James",White
"Kendall, Virginia Mary",White
"Kennedy, Anthony McLeod",White
"Kennelly, Matthew F.",White
"Kenney, Chad Francis, Sr.",White
"Kern, Terence C.",White
"Kernodle, Jeremy Daniel",White
"Ketchmark, Roseann Ambrosia",White
"Kethledge, Raymond M.",White
"Kimball, Dale A.",White
"Kindred, Joshua Michael",White
"King, Carolyn Dineen",White
"King, James Lawrence",White
"King, Robert Bruce",White
"Kinkeade, James E.",White
"Kirsch, Robert Andrew",White
"Kirsch, Thomas Lee II",White
"Klausner, Robert Gary",White
"Kleeh, Thomas Shawn",White
"Kleinfeld, Andrew Jay",White
"Knepp, James Ray II",White
"Kness, John Fitzgerald",White
"Kobes, Jonathan Allen",White
"Kobick, Julia Eleanor",White
"Kocoras, Charles Petros",White
"Koeltl, John George",White
"Kollar-Kotelly, Colleen",White
"Komitee, Eric Ross",White
"Kopf, Richard George",White
"Korman, Edward Robert",White
"Kornmann, Charles B.",White
"Kovachevich, Elizabeth Anne",White
"Kovner, Rachel Peter",White
"Krause, Cheryl Ann",White
"Krieger, Marcia S.",White
"Kronstadt, John Arnold",White
"Kugler, Robert B.",White
"Lake, Simeon Timothy III",White
"Lamberth, Royce C.",White
"Land, Clay D.",White
"Lange, Roberto Antonio",White
"Lanza, Dominic William",White
"Laplante, Joseph Normand",White
"Larimer, David G.",White
"Larsen, Joan Louise",White
"Lasnik, Robert S.",White
"Lauck, M[ary] Hannah",White
"Laughrey, Nanette Kay",White
"Lawless, Colleen Rae",White
"Lawrence, William T.",White
"Lawson, David M.",White
"Lawson, Hugh",White
"Lazzara, Richard A.",White
"Lee, Tom Stewart",White
"Lee, William Charles",White
"Leeson, Joseph F., Jr.",White
"Lefkow, Joan Humphrey",White
"Leichty, Damon Ray",White
"Leinenweber, Harry Daniel",White
"Leitman, Matthew Frederick",White
"Lemmon, Mary Ann Vial",White
"Lenard, Joan A.",White
"Leon, Richard J.",White
"Leonard, Timothy D.",White
"Leval, Pierre Nelson",White
"Levy, Jon David",White
"Levy, Judith Ellen",White
"Lewis, Mary Geiger",White
"Liburdi, Michael Thomas",White
"Liman, Lewis Jeffrey",White
"Limbaugh, Stephen Nathaniel, Jr.",White
"Linn, Richard",White
"Lioi, Sara Elizabeth",White
"Lipez, Kermit Victor",White
"Lipman, Sheryl Halle",White
"Lisi, Mary M.",White
"Livingston, Debra Ann",White
"Locher, Stephen Henley",White
"Lodge, Edward J.",White
"Loken, James B.",White
"Longobardi, Joseph J.",White
"Longstaff, Ronald Earl",White
"Lorenz, M. James",White
"Lourie, Alan David",White
"Luck, Robert Joshua",White
"Ludington, Thomas Lamson",White
"Ludwig, Brett Harry",White
"Lungstrum, John Watson",White
"Lydon, Sherri Allen",White
"Lynch, Gerard E.",White
"Lynch, Sandra Lea",White
"Lynn, Barbara M.",White
"Magnus-Stinson, Jane Elizabeth",White
"Magnuson, Paul Arthur",White
"Mahan, James C.",White
"Maloney, Paul Lewis",White
"Maloney, Robert B.",White
"Manasco, Anna Marie",White
"Manion, Daniel Anthony",White
"Mannion, Malachy Edward",White
"Marcus, Stanley",White
"Mariani, Robert David",White
"Marks, Emily Coody",White
"Marovich, George Michael",White
"Marra, Kenneth A.",White
"Marsh, Malcolm Francis",White
"Marshall, Denzil Price, Jr.",White
"Marston, Karen Spencer",White
"Martini, William J.",White
"Martinotti, Brian R.",White
"Martone, Frederick J.",White
"Mastroianni, Mark Gerald",White
"Matey, Paul Brian",White
"Matheson, Scott Milne, Jr.",White
"Mauskopf, Roslynn Renee",White
"May, Leigh Martin",White
"Mayer, Haldane Robert",White
"Mays, Samuel H., Jr.",White
"Maze, Corey Landon",White
"Mazzant, Amos Louis III",White
"McAuliffe, Steven J.",White
"McAvoy, Thomas James",White
"McCafferty, Landya B.",White
"McCalla, Jon Phipps",White
"McConnell, John James, Jr.",White
"McDonough, Travis Randall",White
"McElroy, Mary Susan",White
"McFadden, Trevor Neil",White
"McFarland, Matthew Walden",White
"McGlynn, Stephen Patrick",White
"McHugh, Carolyn Baldwin",White
"McHugh, Gerald Austin, Jr.",White
"McKeague, David William",White
"McKeown, M. Margaret",White
"McKibben, Howard D.",White
"McKinley, Joseph H., Jr.",White
"McMahon, Colleen",White
"McNamee, Stephen M.",White
"McNeel, Taylor Brantley",White
"McNulty, Kevin",White
"McShane, Michael Jerome",White
"Means, Terry R.",White
"Melancon, Tucker L.",White
"Melgren, Eric F.",White
"Melloy, Michael Joseph",White
"Menashi, Steven James",White
"Menendez, Katherine Marie",White
"Merriam, Sarah Ann Leilani",White
"Merryday, Steven Douglas",White
"Messitte, Peter Jo",White
"Meyer, Jeffrey Alker",White
"Michelson, Laurie Jill",White
"Middlebrooks, Donald M.",White
"Mihm, Michael Martin",White
"Milazzo, Jane Margaret Triche",White
"Miller, Eric David",White
"Miller, Gray Hampton",White
"Miller, Jeffrey T.",White
"Miller, Robert Lowell, Jr.",White
"Millett, Patricia Ann",White
"Mills, Michael P.",White
"Mizelle, Kathryn Kimball",White
"Molloy, Donald W.",White
"Montecalvo, Lara Elizabeth",White
"Montgomery, Ann D.",White
"Moody, James Maxwell, Jr.",White
"Moody, James S., Jr.",White
"Moody, James Tyne",White
"Moon, Norman K.",White
"Moore, Karen Nelson",White
"Moore, Kevin Michael",White
"Moore, Kimberly Ann",White
"Moore, William Theodore, Jr.",White
"Morgan, Susie",White
"Moritz, Nancy Louise",White
"Morris, Brian Matthew",White
"Morrison, Nina Rauh",White
"Morrison, Sarah Daggett",White
"Moskowitz, Barry Ted",White
"Mosman, Michael W.",White
"Moss, Randolph Daniel",White
"Motz, Diana Jane Gribbon",White
"Mueller, Kimberly Jo",White
"Mullen, Graham Calder",White
"Munley, Julia Kathleen",White
"Murphy, Eric Earl",White
"Murphy, John Frank",White
"Murphy, Michael R.",White
"Murphy, Stephen Joseph III",White
"Murtha, John Garvan",White
"Myerscough, Sue Ellen",White
"Nachmanoff, Michael Stefan",White
"Nardacci, Anne Marie",White
"Nardini, William Joseph",White
"Nathan, Alison Julie",White
"Neff, Janet T.",White
"Nelson, Dorothy Wright",White
"Nelson, Ryan Douglas",White
"Nelson, Susan Richard",White
"Newman, Jon Ormond",White
"Newman, Michael Jay",White
"Newman, Pauline",White
"Newsom, Kevin Christopher",White
"Nichols, Carl John",White
"Nickerson, William M.",White
"Nielsen, William Fremming",White
"Nielson, Howard Curtis, Jr.",White
"Niemeyer, Paul Victor",White
"Noreika, Maryellen",White
"Norgle, Charles Ronald, Sr.",White
"Norris, Alan Eugene",White
"Norris, Mark Saalfield, Sr.",White
"Norton, David C.",White
"Novak, David John",White
"Nowlin, James Robertson",White
"Nuffer, David Ogden",White
"Nugent, Donald C.",White
"Nye, David Charles",White
"Nygaard, Richard Lowell",White
"O'Brien, Terrence L.",White
"O'Connor, Reed Charles",White
"O'Hearn, Christine Patricia",White
"O'Meara, John Corbett",White
"O'Neill, Lawrence Joseph",White
"O'Scannlain, Diarmuid Fionntain",White
"O'Toole, George A., Jr.",White
"Oetken, James Paul",White
"Oldham, Andrew Stephen",White
"Orrick, William Horsley III",White
"Osteen, William Lindsay, Jr.",White
"Owens, John Byron",White
"Ozerden, Halil Suleyman",White
"Padova, John R.",White
"Palk, Scott Lawrence",White
"Pallmeyer, Rebecca R.",White
"Pannell, Charles A., Jr.",White
"Pappert, Gerald John",White
"Parker, Thomas Lee Robinson",White
"Parrish, Jill N.",White
"Payne, James H.",White
"Payne, Robert E.",White
"Pechman, Marsha J.",White
"Pepper, Pamela",White
"Perry, Catherine D.",White
"Peterson, James Donald",White
"Peterson, Rosanna Malouf",White
"Phillips, Gregory Alan",White
"Phillips, Mary Elizabeth",White
"Phillips, Thomas W.",White
"Phillips, Virginia A.",White
"Phipps, Peter Joseph",White
"Piersol, Lawrence L.",White
"Pillard, Cornelia Thayer Livingston",White
"Pitlyk, Sarah Elizabeth",White
"Pitman, Robert Lee",White
"Pittman, Mark Timothy",White
"Pitts, Patrick Casey",White
"Plager, S. Jay",White
"Polster, Dan A.",White
"Ponsor, Michael Adrian",White
"Porfilio, John Carbone",White
"Porter, David James",White
"Pratt, Robert W.",White
"Pratter, Gene E.K.",White
"Pregerson, Dean D.",White
"Preska, Loretta A.",White
"Presnell, Gregory A.",White
"Proctor, R. David",White
"Prost, Sharon",White
"Pryor, Jill Anne",White
"Pryor, William Holcombe, Jr.",White
"Quackenbush, Justin Lowe",White
"Quattlebaum, A. Marvin, Jr.",White
"Quist, Gordon Jay",White
"Raggi, Reena",White
"Rainey, John David",White
"Rakoff, Jed Saul",White
"Rambo, Sylvia H.",White
"Randolph, Arthur Raymond",White
"Rash, Scott Hugh",White
"Ray, William McCrary II",White
"Rayes, Douglas Leroy",White
"Reade, Linda R.",White
"Readler, Chad Andrew",White
"Rearden, Jennifer Hutchison",White
"Reeves, Danny C.",White
"Reidinger, Martin Karl",White
"Reif, Timothy Mark",White
"Reinhard, Philip Godfrey",White
"Reiss, Christina Clair",White
"Rendell, Marjorie O.",White
"Restani, Jane A.",White
"Rice, Thomas Owen",White
"Rice, Walter Herbert",White
"Richardson, Eli Jeremy",White
"Richardson, Julius Ness",White
"Richman, Priscilla",White
"Ridgway, Delissa Anne",White
"Riggs, Kea Whetzal",White
"Rikelman, Julie",White
"Ripple, Kenneth Francis",White
"Robart, James L.",White
"Roberts, John Glover, Jr.",White
"Robinson, Beth",White
"Robinson, Todd Wallace",White
"Rochon, Jennifer Louise",White
"Rodgers, Margaret Catharine",White
"Rogers, John M.",White
"Rose, Stephanie Marie",White
"Rose, Thomas M.",White
"Rosenbaum, Robin Stacie",White
"Rosenberg, Robin Lee",White
"Rosenstengel, Nancy Jo",White
"Rosenthal, Lee Hyman",White
"Ross, Allyne R.",White
"Ross, John Andrew",White
"Rossiter, Robert F., Jr.",White
"Rossman, Veronica Sophia",White
"Roth, Jane Richards",White
"Rothstein, Barbara Jacobs",White
"Rovner, Ilana Kara Diamond",White
"Rowland, Mary Margaret",White
"Royal, C. Ashley",White
"Rubin, Julie Rebecca",White
"Rudofsky, Lee Philip",White
"Rufe, Cynthia M.",White
"Rushing, Allison Jones",White
"Russell, David Lynn",White
"Ryan, James Leo",White
"Sachs, Howard Frederic",White
"Sack, Robert David",White
"Sam, David",White
"Sammartino, Janis Lynn",White
"Sannes, Brenda Kay",White
"Sargus, Edmund A., Jr.",White
"Saris, Patti B.",White
"Savage, Timothy J.",White
"Saylor, F. Dennis IV",White
"Scarsi, Mark Christopher",White
"Schall, Alvin Anthony",White
"Schell, Richard A.",White
"Schelp, Matthew Thomas",White
"Schiller, Berle M.",White
"Schiltz, Patrick Joseph",White
"Schlesinger, Harvey Erwin",White
"Schmehl, Jeffrey L.",White
"Schopler, Andrew George",White
"Schreier, Karen E.",White
"Schroeder, Mary Murphy",White
"Schroeder, Robert William III",White
"Schroeder, Thomas D.",White
"Schwab, Arthur J.",White
"Scirica, Anthony Joseph",White
"Scola, Robert Nichols, Jr.",White
"Scudder, Michael Yale, Jr.",White
"Scullin, Frederick James, Jr.",White
"Seabright, J[ohn] Michael",White
"Sedwick, John W.",White
"Seeborg, Richard G.",White
"Seeger, Steven Charles",White
"Seibel, Cathy",White
"Seitz, Patricia A.",White
"Self, Tilman Eugene III",White
"Selna, James V.",White
"Selya, Bruce Marshall",White
"Sentelle, David Bryan",White
"Sessions, William K. III",White
"Settle, Benjamin Hale",White
"Seybert, Joanna",White
"Seymour, Stephanie Kulp",White
"Shadid, James Edward",White
"Sharpe, Gary L.",White
"Shea, Edward F.",White
"Shea, Michael P.",White
"Shelby, Robert James",White
"Shepherd, Bobby E.",White
"Sheridan, Peter G.",White
"Shubb, William B.",White
"Shwartz, Patty",White
"Siler, Eugene Edward, Jr.",White
"Silver, Roslyn O.",White
"Silverman, Barry G.",White
"Simon, Michael H.",White
"Simon, Philip P.",White
"Simpson, Charles Ralph III",White
"Sinatra, John Leonard, Jr.",White
"Singal, George Z.",White
"Singleton, James Keith, Jr.",White
"Sippel, Rodney W.",White
"Siragusa, Charles J.",White
"Skavdahl, Scott Wesley",White
"Skretny, William M.",White
"Slomsky, Joel Harvey",White
"Smith, Charles Lynwood, Jr.",White
"Smith, D[avid] Brooks",White
"Smith, Jerry Edwin",White
"Smith, Milan Dale, Jr.",White
"Smith, N[orman] Randy",White
"Smith, Ortrie D.",White
"Smith, Rebecca Beach",White
"Smith, William E.",White
"Snow, G. Murray",White
"Snyder, Christina A.",White
"Sorokin, Leo Theodore",White
"Souter, David Hackett",White
"Southwick, Leslie",White
"Sparks, Sam",White
"Springmann, Theresa Lazar",White
"St. Eve, Amy Joan",White
"Stadtmueller, Joseph Peter",White
"Stafford, William Henry, Jr.",White
"Stamp, Frederick Pfarr, Jr.",White
"Stanceu, Timothy C.",White
"Stanton, Louis Lee",White
"Stapleton, Walter King",White
"Stark, Leonard Philip",White
"Starr, Brantley David",White
"Starrett, Keith",White
"Staton, Josephine L.",White
"Stearns, Richard Gaylore",White
"Steeh, George Caram III",White
"Steele, John E.",White
"Steele, William H.",White
"Stein, Sidney H.",White
"Stewart, Brian Theadore",White
"Stickman, William Shaw IV",White
"Stivers, Gregory N.",White
"Story, Richard W.",White
"Stranch, Jane Branstetter",White
"Strand, Leonard Terry",White
"Stras, David Ryan",White
"Straub, Chester J.",White
"Strickland, Margaret Irene",White
"Suddaby, Glenn T.",White
"Suhrheinrich, Richard Fred",White
"Suko, Lonny R.",White
"Sullivan, Richard Joseph",White
"Summerhays, Robert Rees",White
"Surrick, R[ichard] Barclay",White
"Sutton, Jeffrey S.",White
"Sweeney, Charlotte Noelle",White
"Sweeney, James Russell II",White
"Sykes, Diane S.",White
"Tallman, Richard C.",White
"Taranto, Richard Gary",White
"Tatel, David S.",White
"Teeter, Holly Lou",White
"Teilborg, James A.",White
"Thacker, Stephanie Dawn",White
"Tharp, John Joseph, Jr.",White
"Thomas, Sidney Runyan",White
"Thrash, Thomas W., Jr.",White
"Thurston, Jennifer Leigh",White
"Tigar, Jon Steven",White
"Tilley, Norwood Carlton, Jr.",White
"Tipton, Drew Barnett",White
"Tjoflat, Gerald Bard",White
"Todd, James Dale",White
"Torresen, Nancy",White
"Tostrud, Eric Christian",White
"Totenberg, Amy Mil",White
"Trauger, Aleta Arthur",White
"Traum, Anne Rachel",White
"Traxler, William Byrd, Jr.",White
"Traynor, Daniel Mack",White
"Treadwell, Marc Thomas",White
"Trenga, Anthony John",White
"Trimble, James Travis, Jr.",White
"Trott, Stephen S.",White
"Truncale, Michael Joseph",White
"Tuchi, John Joseph",White
"Tunheim, John R.",White
"Tymkovich, Timothy M.",White
"Underhill, Stefan R.",White
"Urbanski, Michael Francis",White
"Vaden, Stephen Alexander",White
"Van Bokkelen, Joseph S.",White
"Van Tatenhove, Gregory Frederick",White
"Vance, Sarah S.",White
"VanDyke, Lawrence James Christopher",White
"Varlan, Thomas A.",White
"Vilardo, Lawrence Joseph",White
"Vitaliano, Eric Nicholas",White
"Vitter, Wendy Baldwin",White
"Volk, Frank William",White
"Voorhees, Richard Lesley",White
"Vratil, Kathryn Hoefer",White
"Vyskocil, Mary Kay",White
"Waddoups, Clark",White
"Wake, Neil Vincent",White
"Walker, John Mercer, Jr.",White
"Walker, Justin Reed",White
"Walker, Lance Edward",White
"Walker, Mark Eaton",White
"Wallace, John Clifford",White
"Wallach, Evan Jonathan",White
"Walter, Donald Ellsworth",White
"Walter, John F.",White
"Watkins, William Keith",White
"Watson, Michael H.",White
"Watters, Susan Pamela",White
"Webber, E. Richard",White
"Weber, Herman Jacob",White
"Welte, Peter David",White
"Werlein, Ewing, Jr.",White
"Wesley, Richard C.",White
"Wetherell, T. Kent II",White
"Whaley, Robert H.",White
"Whelan, Thomas J.",White
"Whipple, Dean",White
"White, Helene N.",White
"White, Jeffrey Steven",White
"White, Ronald A.",White
"Whitney, Frank DeArmon",White
"Whittemore, James D.",White
"Wiegand, Christy Criswell",White
"Wiener, Jacques Loeb, Jr.",White
"Wier, Robert Earl",White
"Wilken, Claudia Ann",White
"Wilkinson, James Harvie III",White
"Willett, Don R.",White
"Williams, Charles Joseph",White
"Williams, Kathleen Mary",White
"Wilson, Billy Roy",White
"Wilson, Cory Todd",White
"Wilson, Jennifer Philpott",White
"Wilson, Stephen Victor",White
"Winmill, B. Lynn",White
"Winsor, Allen Cothrel",White
"Wolf, Mark Lawrence",White
"Wolford, Elizabeth Ann",White
"Wollman, Roger Leland",White
"Wolson, Joshua David",White
"Wood, Diane Pamela",White
"Wood, Kimba Maureen",White
"Wood, Lisa Godbey",White
"Woodcock, John A., Jr.",White
"Woodlock, Douglas Preston",White
"Wooten, Terry L.",White
"Wright, Susan Webber",White
"Wyrick, Patrick Robert",White
"Xinis, Paula",White
"Yohn, William Hendricks, Jr.",White
"Young, Richard L.",White
"Young, William G.",White
"Zainey, Jay C.",White
"Zilly, Thomas Samuel",White
"Zipps, Jennifer Guerin",White
"Zloch, William J.",White
"Zobel, Rya Weickert",White
"Zouhary, Jack",White
"Aenlle-Rocha, Fernando Lazaro",Hispanic
"Almadani, Monica Ramirez",Hispanic
"Alonso, Jorge Luis",Hispanic
"Altman, Roy Kalman",Hispanic
"Altonaga, Cecilia M.",Hispanic
"Alvarez, Micaela",Hispanic
"Antongiorgi-Jordán, María del R.",Hispanic
"Arguello, Christine M.",Hispanic
"Arias-Marxuach, Raúl Manuel",Hispanic
"Armijo, M. Christina",Hispanic
"Bea, Carlos T.",Hispanic
"Benitez, Roger T.",Hispanic
"Bernal, Jesus Gilberto",Hispanic
"Besosa, Francisco Augusto",Hispanic
"Briones, David",Hispanic
"Bryan, Jeffrey Marc",Hispanic
"Cabranes, José Alberto",Hispanic
"Callahan, Consuelo Maria",Hispanic
"Cardone, Kathleen",Hispanic
"Carreño-Coll, Silvia Luisa",Hispanic
"Contreras, Rudolph",Hispanic
"Covington, Virginia Maria Hernandez",Hispanic
"Crane, Randy",Hispanic
"Curiel, Gonzalo Paul",Hispanic
"Davila, Edward John",Hispanic
"de Alba, Ana Isabel",Hispanic
"Delgado Hernández, Pedro Alberto",Hispanic
"Delgado-Colón, Aida M.",Hispanic
"Diaz, Albert",Hispanic
"Domínguez, Daniel R.",Hispanic
"Estudillo, David",Hispanic
"Fernandez, Ferdinand Francis",Hispanic
"Fuentes, Julio M.",Hispanic
"Garcia Marmolejo, Marina",Hispanic
"Garcia, Bradley Nelson",Hispanic
"Garcia, Matthew Lane",Hispanic
"Garcia, Orlando Luis",Hispanic
"Garcia-Gregory, Jay A.",Hispanic
"Gelpí, Gustavo Antonio, Jr.",Hispanic
"Gonzales, Kenneth John",Hispanic
"Gonzalez, Hector",Hispanic
"Gonzalez, Jose Alejandro, Jr.",Hispanic
"Grimberg, Steven Daniel",Hispanic
"Guaderrama, David Campos",Hispanic
"Guirola, Louis, Jr.",Hispanic
"Gutierrez, Philip S.",Hispanic
"Guzman, Ronald A.",Hispanic
"Hernandez, Marco Antonio",Hispanic
"Herrera, Judith C.",Hispanic
"Hinojosa, Ricardo H.",Hispanic
"Howard, Marcia Morales",Hispanic
"Irizarry, Dora L.",Hispanic
"Jordan, Adalberto Jose",Hispanic
"Lagoa, Barbara",Hispanic
"Lopez, Linda",Hispanic
"Lucero, Carlos F.",Hispanic
"Maldonado, Nancy Lee",Hispanic
"Márquez, Rosemary",Hispanic
"Marrero, Victor",Hispanic
"Martinez, Jose E.",Hispanic
"Martinez, Ricardo S.",Hispanic
"Martinez, William Joseph",Hispanic
"Martinez-Olguin, Araceli",Hispanic
"Mendez, John A.",Hispanic
"Méndez-Miró, Gina Raquel",Hispanic
"Mendoza, Carlos Eduardo",Hispanic
"Mendoza, Salvador, Jr.",Hispanic
"Montalvo, Frank",Hispanic
"Montenegro, Ruth Bermudez",Hispanic
"Morales, David Steven",Hispanic
"Moreno, Federico A.",Hispanic
"Moses, Alia",Hispanic
"Murguia, Mary Helen",Hispanic
"Navarro, Gloria Maria",Hispanic
"Olguin, Fernando Manzano",Hispanic
"Olvera, Jose Rolando, Jr.",Hispanic
"Padin, Evelyn",Hispanic
"Paez, Richard A.",Hispanic
"Pérez, Myrna",Hispanic
"Quiñones Alejandro, Nitza Ileana",Hispanic
"Ramirez, Irma Carrillo",Hispanic
"Ramos, Edgardo",Hispanic
"Ramos, Nelva Gonzales",Hispanic
"Restrepo, Luis Felipe",Hispanic
"Reyes, Ana Cecilia",Hispanic
"Reyes, Ramon Ernesto, Jr.",Hispanic
"Reyna, Jimmie V.",Hispanic
"Rodriguez, Fernando, Jr.",Hispanic
"Rodriguez, Joseph H.",Hispanic
"Rodriguez, Xavier",Hispanic
"Rogers, Yvonne Gonzalez",Hispanic
"Román, Nelson Stephen",Hispanic
"Ruiz, David Augustin",Hispanic
"Ruiz, Rodolfo Armando II",Hispanic
"Salas, Esther",Hispanic
"Saldaña, Diana",Hispanic
"Sanchez, Gabriel Patrick",Hispanic
"Sánchez, Juan Ramon",Hispanic
"Silva, Cristina Dionne",Hispanic
"Sotomayor, Sonia",Hispanic
"Stoll, Kara Farnandez",Hispanic
"Tagle, Hilda G.",Hispanic
"Urias, David Herrera",Hispanic
"Vázquez, Martha Alicia",Hispanic
"Vélez-Rivé, Camille Lizette",Hispanic
"Vera, Hernán Diego",Hispanic
"Wardlaw, Kim McLane",Hispanic
"Zapata, Frank R.",Hispanic
"Humetewa, Diane Joyce",Indigenous American
"King, Lauren Jennifer",Indigenous American
"Seay, Frank Howell",Indigenous American
"Sykes, Sunshine Suzanne",Indigenous American
"Abudu, Nancy Gbana",African American
"Adams, Henry Lee, Jr.",African American
"Allen, Arenda Lauretta Wright",African American
"Alston, Rossie David, Jr.",African American
"Anderson, Percy",African American
"Armstrong, Saundra Brown",African American
"Autrey, Henry Edward",African American
"Benjamin, DeAndrea Gist",African American
"Bennett, Alfred Homer",African American
"Berger, Irene Cornelia",African American
"Biggs, Loretta Copeland",African American
"Birotte, Andre, Jr.",African American
"Blackwell, Jerry Wayne",African American
"Bolden, Victor Allen",African American
"Boulware, Richard Franklin II",African American
"Brodie, Margo Kitsy",African American
"Brown, Debra Marie",African American
"Brown, Nannette Jolivette",African American
"Bryant, Vanessa Lynne",African American
"Burrell, Garland Ellis, Jr.",African American
"Calvert, Victoria Marie",African American
"Carter, Andrew Lamar, Jr.",African American
"Casper, Denise Jefferson",African American
"Childs, Julianna Michelle",African American
"Chutkan, Tanya Sue",African American
"Clarke, Jessica Gloria Lynn",African American
"Clay, Eric L.",African American
"Cobb, Jia Michelle",African American
"Cole, Ransey Guy, Jr.",African American
"Coleman, Sharon Johnson",African American
"Collier, Curtis Lynn",African American
"Collins, Raner Christercunean",African American
"Cooper, Christopher Reid",African American
"Cooper, Clarence",African American
"Crenshaw, Waverly David, Jr.",African American
"Cummings, Jeffrey Irvine",African American
"Cunningham, Tiffany Patrice",African American
"Daniel, Jeremy Christen",African American
"Daniels, George B.",African American
"Davis, Brian Jordan",African American
"Davis, Legrome D.",African American
"Davis, Michael James",African American
"Davis, Stephanie Dawkins",African American
"Dawson, Joseph III",African American
"DeArcy Hall, LaShann Moutique",African American
"Douglas, Dana Marie",African American
"Drain, Gershwin Allen",African American
"Edwards, Harry Thomas",African American
"Ellis, Sara Lee",African American
"England, Morrison C., Jr.",African American
"Fleming, Charles Esque",African American
"Fowlkes, John Thomas, Jr.",African American
"Freeman, Arianna Julia",African American
"Frimpong, Maame Ewusi-Mensah",African American
"Gaitan, Fernando J., Jr.",African American
"Gardner, Leslie Abrams",African American
"Garnett, Sherilyn Peace",African American
"Gayles, Darrin Phillip",African American
"Giles, Patricia Tolliver",African American
"Gilliam, Haywood Stirling, Jr.",African American
"Graham, Donald L.",African American
"Graves, James Earl, Jr.",African American
"Gregory, Roger L.",African American
"Grey, Jonathan James Canada",African American
"Haggerty, Ancer Lee",African American
"Hamilton, Phyllis Jean",African American
"Hanks, George Carol, Jr.",African American
"Hatter, Terry J., Jr.",African American
"Henderson, Thelton Eugene",African American
"Hodge, Kelley Brisbon",African American
"Holmes, Jerome A.",African American
"Honeywell, Charlene Vanessa Edwards",African American
"Hood, Denise Page",African American
"Hopkins, Jeffery Paul",African American
"Houston, John A.",African American
"Hoyt, Kenneth M.",African American
"Hunt, LaShonda Annette",African American
"Jackson, Brian Anthony",African American
"Jackson, Ketanji Brown",African American
"Jackson, Raymond Alvin",African American
"Jackson-Akiwumi, Candace Rae",African American
"Jenkins, Lindsay Clayton",African American
"Jones, Bernard M.",African American
"Jones, C. Darnell II",African American
"Jones, Richard A.",African American
"Jones, Steve CarMichael",African American
"Kearse, Amalya Lyle",African American
"Kennedy, Henry Harold, Jr.",African American
"Kuntz, William Francis II",African American
"Lee, Eunice Cheryl",African American
"Lemelle, Ivan L. R.",African American
"Lindsay, Sam A.",African American
"Logan, Steven Paul",African American
"Lohier, Raymond Joseph, Jr.",African American
"Maddox, Matthew James",African American
"Marbley, Algenon L.",African American
"Marshall, Consuelo Bland",African American
"Mathis, Andre Bernard",African American
"McDade, Joe Billy",African American
"McKee, Theodore Alexander",African American
"McMillion, Brandy Renée",African American
"Merchant, Orelia Eleta",African American
"Merle, Natasha Clarise",African American
"Miles-LaGrange, Vicki",African American
"Miller, Brian Stacy",African American
"Montgomery-Reeves, Tamika Renee",African American
"Moore, Raymond Paul",African American
"Moorer, Terry Fitzgerald",African American
"Neals, Julien Xavier",African American
"Nelson, Adrienne Camille",African American
"Nunley, Troy Lynne",African American
"Oliver, Solomon, Jr.",African American
"Oliver, Vernon Dion",African American
"Papillion, Darrel James",African American
"Parker, Barrington Daniels, Jr.",African American
"Parker, Linda Vivienne",African American
"Pearson, Benita Yalonda",African American
"Pratt, Tanya Walton",African American
"Pryor, Doris Lenea",African American
"Pulliam, Jason Kenneth",African American
"Rawlinson, Johnnie B.",African American
"Reeves, Carlton Wayne",African American
"Roberts, Richard W.",African American
"Robinson, Julie A.",African American
"Rogers, Judith Ann Wilson",African American
"Ross, Eleanor Louise",African American
"Russell, George Levi III",African American
"Sands, W[illie] Louis",African American
"Scott, Kai Niambi",African American
"Scriven, Mary Stenson",African American
"Semper, Jamel Ken",African American
"Shipp, Michael Andre",African American
"Simmons, James Edward, Jr.",African American
"Slaughter, Fred Wallace",African American
"Smith, Lavenski R.",African American
"Smith, Rodney",African American
"Stewart, Carl E.",African American
"Sullivan, Emmet G.",African American
"Swain, Laura Taylor",African American
"Thomas, Clarence",African American
"Thomas, Holly Aiyisha",African American
"Thompson, Alvin W.",African American
"Thompson, Anne Elise",African American
"Thompson, Myron Herbert",African American
"Thompson, Ojetta Rogeriee",African American
"Thompson, Trina Lynn",African American
"Tucker, Petrese B.",African American
"Walker, Jamar Kentrell",African American
"Walton, Reggie B.",African American
"White, Ronnie Lee",African American
"Whitehead, Jamal Norman",African American
"Wigenton, Susan Davis",African American
"Wilkins, Robert Leon",African American
"Williams, Gregory Brian",African American
"Williams, Karen McGlashan",African American
"Wilson, Charles R.",African American
"Wimes, Brian Curtis",African American
"Wingate, Henry Travillion",African American
"Wood, Andrea Robin",African American
"Woods, Gregory Howard III",African American
"Wright, Otis D. II",African American
"Wright, Wilhelmina Marie",African American
"Wynn, James Andrew, Jr.",African American
"Yandle, Staci Michelle",African American
"Young, Roderick Charles",African American
"Younge, John Milton",African American
