Gender,Male
Male,"Adams, Henry Lee, Jr."
Male,"Adams, John R."
Male,"Adelman, Lynn S."
Male,"Aenlle-Rocha, Fernando Lazaro"
Male,"Africk, Lance M."
Male,"Albright, Alan D"
Male,"Albritton, William Harold III"
Male,"Alley, Wayne Edward"
Male,"Alonso, Jorge Luis"
Male,"Alsop, Donald Douglas"
Male,"Alston, Rossie David, Jr."
Male,"Alsup, William Haskell"
Male,"Altman, Roy Kalman"
Male,"Anderson, Joseph Fletcher, Jr."
Male,"Anderson, Percy"
Male,"Anderson, Stanley Thomas"
Male,"Andrews, Richard Gibson"
Male,"Anello, Michael M."
Male,"Antoon, John II"
Male,"Arcara, Richard Joseph"
Male,"Arias-Marxuach, Raúl Manuel"
Male,"Ashe, Barry Weldon"
Male,"Aspen, Marvin E."
Male,"Atchley, Charles Edward, Jr."
Male,"Autrey, Henry Edward"
Male,"Babcock, Lewis Thornton"
Male,"Badalamenti, John Leonard"
Male,"Bailey, John Preston"
Male,"Baker, R. Stan"
Male,"Ballou, Robert Stewart"
Male,"Barbadoro, Paul J."
Male,"Barber, Thomas Patrick"
Male,"Barbier, Carl J."
Male,"Barker, J. Campbell"
Male,"Barlow, David Bruce"
Male,"Barrett, Michael Ryan"
Male,"Bartle, Harvey III"
Male,"Bastian, Stanley Allen"
Male,"Bataillon, Joseph F."
Male,"Bates, John D."
Male,"Battaglia, Anthony Joseph"
Male,"Batten, Timothy C., Sr."
Male,"Baylson, Michael M."
Male,"Beaton, Benjamin Joel"
Male,"Beaverstock, Jeffrey Uhlman"
Male,"Beistline, Ralph R."
Male,"Bell, Kenneth Davis, Sr."
Male,"Belot, Monti L."
Male,"Benitez, Roger T."
Male,"Bennett, Alfred Homer"
Male,"Bennett, Richard D."
Male,"Berg, Terrence George"
Male,"Berman, Richard M."
Male,"Bernal, Jesus Gilberto"
Male,"Bertelsman, William Odis"
Male,"Besosa, Francisco Augusto"
Male,"Biery, Samuel Frederick, Jr."
Male,"Birotte, Andre, Jr."
Male,"Black, Timothy Seymour"
Male,"Blackburn, Robert E."
Male,"Blackwell, Jerry Wayne"
Male,"Blakey, John Robert"
Male,"Bloch, Alan Neil"
Male,"Block, Frederic"
Male,"Blumenfeld, Stanley, Jr."
Male,"Boasberg, James Emanuel"
Male,"Bolden, Victor Allen"
Male,"Borman, Paul D."
Male,"Bough, Stephen Rogers"
Male,"Boulee, Jean-Paul"
Male,"Boulware, Richard Franklin II"
Male,"Bowen, Dudley Hollingsworth, Jr."
Male,"Boyko, Christopher A."
Male,"Boyle, Terrence William"
Male,"Brack, Robert C."
Male,"Bramlette, David C."
Male,"Brann, Matthew William"
Male,"Bredar, James Kelleher"
Male,"Breen, J. Daniel"
Male,"Breyer, Charles R."
Male,"Briccetti, Vincent Louis"
Male,"Brimmer, Philip A."
Male,"Briones, David"
Male,"Britt, William Earl"
Male,"Broderick, Vernon Speede"
Male,"Brookman, Matthew Paul"
Male,"Brooks, Timothy Lloyd"
Male,"Broomes, John Wesley"
Male,"Brown, Gary Richard"
Male,"Brown, Jeffrey Vincent"
Male,"Brown, Michael Lawrence"
Male,"Browning, James O."
Male,"Bruce, Colin Stirling"
Male,"Bryan, Jeffrey Marc"
Male,"Bryan, Robert Jensen"
Male,"Buckwalter, Ronald Lawrence"
Male,"Buescher, Brian Craig"
Male,"Bunning, David L."
Male,"Burgess, Timothy Mark"
Male,"Burke, Liles Clifton"
Male,"Burns, Larry Alan"
Male,"Burrell, Garland Ellis, Jr."
Male,"Bury, David C."
Male,"Butler, Charles Randolph, Jr."
Male,"Byron, Paul Gregory"
Male,"Cain, James David, Jr."
Male,"Cain, Timothy Martin"
Male,"Calabrese, J. Philip"
Male,"Calabretta, Daniel Joe Powell"
Male,"Campbell, David G."
Male,"Campbell, William Lynn, Jr."
Male,"Carney, Cormac J."
Male,"Carr, James G."
Male,"Carter, Andrew Lamar, Jr."
Male,"Carter, David O."
Male,"Castel, P. Kevin"
Male,"Cercone, David S."
Male,"Chambers, Robert Charles"
Male,"Chang, Edmond E-Min"
Male,"Chatigny, Robert N."
Male,"Chen, Edward Milton"
Male,"Chesler, Stanley R."
Male,"Chhabria, Vince Girdhari"
Male,"Christensen, Dana Lewis"
Male,"Chuang, Theodore David"
Male,"Chun, John Hyungseung"
Male,"Clark, Ron"
Male,"Clark, Stephen Robert, Sr."
Male,"Cleland, Robert Hardy"
Male,"Cogan, Brian Mark"
Male,"Cogburn, Max Oliver, Jr."
Male,"Coggins, Donald Cecil, Jr."
Male,"Cohen, Mark Howard"
Male,"Cohn, James I."
Male,"Cole, Douglas Russell"
Male,"Collier, Curtis Lynn"
Male,"Collier, Lacey A."
Male,"Collins, Raner Christercunean"
Male,"Colville, Robert John"
Male,"Conley, William Martin"
Male,"Conmy, Patrick Anthony"
Male,"Conner, Christopher C."
Male,"Connolly, Colm Felix"
Male,"Conrad, Robert James, Jr."
Male,"Contreras, Rudolph"
Male,"Coogler, L. Scott"
Male,"Cooper, Christopher Reid"
Male,"Cooper, Clarence"
Male,"Copenhaver, John Thomas, Jr."
Male,"Corker, Clifton Leland"
Male,"Corrigan, Timothy J."
Male,"Coughenour, John C."
Male,"Counts, Walter David III"
Male,"Covello, Alfred V."
Male,"Cox, Sean Francis"
Male,"Crabtree, Daniel Dale"
Male,"Crane, Randy"
Male,"Crawford, Geoffrey William"
Male,"Crenshaw, Waverly David, Jr."
Male,"Cronan, John Peter"
Male,"Crotty, Paul Austin"
Male,"Crouse, Toby Jon"
Male,"Cullen, Thomas Tullidge"
Male,"Cummings, Jeffrey Irvine"
Male,"Cummings, Samuel Ray"
Male,"Curiel, Gonzalo Paul"
Male,"Dalton, Roy Bale, Jr."
Male,"Daniel, Jeremy Christen"
Male,"Daniels, George B."
Male,"Davidson, Glen H."
Male,"Davila, Edward John"
Male,"Davis, Brian Jordan"
Male,"Davis, Legrome D."
Male,"Davis, Mark Steven"
Male,"Davis, Michael James"
Male,"Dawson, Joseph III"
Male,"Dawson, Kent J."
Male,"Dawson, Robert Toombs"
Male,"Dearie, Raymond Joseph"
Male,"DeGiusti, Timothy D."
Male,"deGravelles, John Wheadon"
Male,"DeGuilio, Jon Ernest"
Male,"Delgado Hernández, Pedro Alberto"
Male,"Dever, James C. III"
Male,"Diamond, Paul Steven"
Male,"Dimitrouleas, William P."
Male,"Domenico, Daniel Desmond"
Male,"Domínguez, Daniel R."
Male,"Donato, James"
Male,"Doty, David Singleton"
Male,"Doughty, Terry Alvin"
Male,"Dow, Robert Michael, Jr."
Male,"Dowdell, John Edward"
Male,"Drain, Gershwin Allen"
Male,"Drell, Dee D."
Male,"Drozd, Dale Alan"
Male,"DuBois, Jan Ely"
Male,"Dugan, David Wayne"
Male,"Durkin, Thomas Michael"
Male,"Economus, Peter C."
Male,"Edgar, Robert Allan"
Male,"Ellis, Thomas Selby III"
Male,"Ellison, Keith P."
Male,"Engelmayer, Paul Adam"
Male,"England, Morrison C., Jr."
Male,"Eskridge, Charles R. III"
Male,"Estudillo, David"
Male,"Ezra, David Alan"
Male,"Faber, David A."
Male,"Fallon, Eldon E."
Male,"Farbiarz, Michael Etan"
Male,"Fenner, Gary A."
Male,"Filippine, Edward Louis"
Male,"Fish, A[llen] Joe"
Male,"Fitzgerald, Michael Walter"
Male,"Fitzwater, Sidney Allen"
Male,"Fleming, Charles Esque"
Male,"Fowlkes, John Thomas, Jr."
Male,"Frank, Donovan W."
Male,"Friedman, Bernard A."
Male,"Friedman, Paul L."
Male,"Friot, Stephen P."
Male,"Frizzell, Gregory Kent"
Male,"Furman, Jesse Matthew"
Male,"Gaitan, Fernando J., Jr."
Male,"Gallagher, Gordon Paul"
Male,"Gallagher, John Michael"
Male,"Garaufis, Nicholas"
Male,"Garcia, Matthew Lane"
Male,"Garcia, Orlando Luis"
Male,"Garcia-Gregory, Jay A."
Male,"Gardephe, Paul G."
Male,"Gayles, Darrin Phillip"
Male,"Geraci, Frank Paul, Jr."
Male,"Gergel, Richard Mark"
Male,"Gerrard, John Melvin"
Male,"Gettleman, Robert William"
Male,"Gibney, John Adrian, Jr."
Male,"Gibson, Kim R."
Male,"Gilbert, John Phil"
Male,"Gilliam, Haywood Stirling, Jr."
Male,"Gilstrap, James Rodney"
Male,"Glasser, Israel Leo"
Male,"Godbey, David C."
Male,"Gold, Alan Stephen"
Male,"Goldberg, Mitchell S."
Male,"Goldsmith, Mark Allan"
Male,"Gonzales, Kenneth John"
Male,"Gonzalez, Hector"
Male,"Gonzalez, Jose Alejandro, Jr."
Male,"Goodwin, Charles Barnes"
Male,"Goodwin, Joseph Robert"
Male,"Gordon, Andrew Patrick"
Male,"Gorton, Nathaniel M."
Male,"Graham, Donald L."
Male,"Graham, James L."
Male,"Greer, J. Ronnie"
Male,"Grey, Jonathan James Canada"
Male,"Griesbach, William C."
Male,"Grimberg, Steven Daniel"
Male,"Gritzner, James E."
Male,"Guaderrama, David Campos"
Male,"Guidry, Greg Gerard"
Male,"Guirola, Louis, Jr."
Male,"Gutierrez, Philip S."
Male,"Guzman, Ronald A."
Male,"Gwin, James S."
Male,"Haddon, Sam E."
Male,"Haggerty, Ancer Lee"
Male,"Haight, Charles Sherman, Jr."
Male,"Hale, David Jason"
Male,"Hall, James Randal"
Male,"Halpern, Philip Morgan"
Male,"Hanen, Andrew S."
Male,"Hanks, George Carol, Jr."
Male,"Hanlon, James Patrick"
Male,"Hardy, William Scott"
Male,"Harpool, M. Douglas"
Male,"Harrington, Edward Francis"
Male,"Harwell, Robert Bryan"
Male,"Hatter, Terry J., Jr."
Male,"Hayes, William Q."
Male,"Head, Hayden Wilson, Jr."
Male,"Heaton, Joe L."
Male,"Heil, John Frederick III"
Male,"Hellerstein, Alvin K."
Male,"Helmick, Jeffrey James"
Male,"Henderson, Thelton Eugene"
Male,"Hendren, Jimm Larry"
Male,"Hendrix, James Wesley"
Male,"Herlong, Henry Michael, Jr."
Male,"Hernandez, Marco Antonio"
Male,"Hicks, Larry R."
Male,"Hicks, S. Maurice, Jr."
Male,"Hillman, Noel Lawrence"
Male,"Hillman, Timothy Spafard"
Male,"Hilton, Claude M."
Male,"Hinderaker, John Charles"
Male,"Hinkle, Robert Lewis"
Male,"Hinojosa, Ricardo H."
Male,"Hittner, David"
Male,"Ho, Dale Edwin"
Male,"Hogan, Thomas Francis"
Male,"Holcomb, John William"
Male,"Holland, H[ezekiah] Russel"
Male,"Holmes, Paul Kinloch III"
Male,"Hood, Joseph Martin"
Male,"Hopkins, Jeffery Paul"
Male,"Hornak, Mark Raymond"
Male,"Hornby, David Brock"
Male,"Houston, John A."
Male,"Hovland, Daniel L."
Male,"Howard, Malcolm Jones"
Male,"Hoyt, Kenneth M."
Male,"Hsu, Wesley Liu"
Male,"Huck, Paul C."
Male,"Hudson, Henry E."
Male,"Huffaker, R. Austin, Jr."
Male,"Hughes, Lynn Nettleton"
Male,"Huie, Robert Steven"
Male,"Hunt, Roger L."
Male,"Hunt, Willis B., Jr."
Male,"Hurd, David N."
Male,"Hurley, Daniel T. K."
Male,"Hurley, Denis Reagan"
Male,"Hurson, Brendan Abell"
Male,"Ishii, Anthony W."
Male,"Jackson, Brian Anthony"
Male,"Jackson, Raymond Alvin"
Male,"Jackson, Richard Brooke"
Male,"James, Robert Gillespie"
Male,"Johnson, Alan Bond"
Male,"Johnson, William Paul"
Male,"Johnston, Iain David"
Male,"Johnston, Thomas E."
Male,"Jones, Bernard M."
Male,"Jones, C. Darnell II"
Male,"Jones, James Parker"
Male,"Jones, Richard A."
Male,"Jones, Robert Clive"
Male,"Jones, Robert Edward"
Male,"Jones, Steve CarMichael"
Male,"Jonker, Robert James"
Male,"Jordan, Daniel Porter III"
Male,"Jordan, Robert Leon"
Male,"Jordan, Sean D."
Male,"Joseph, David Cleveland"
Male,"Joun, Myong Jin"
Male,"Junell, Robert A."
Male,"Jung, William Frederic"
Male,"Kacsmaryk, Matthew Joseph"
Male,"Kahn, Lawrence E."
Male,"Kane, John L., Jr."
Male,"Kapala, Frederick J."
Male,"Kaplan, Lewis A."
Male,"Karas, Kenneth M."
Male,"Kay, Alan Cooke"
Male,"Kays, David Gregory"
Male,"Kearney, Mark A."
Male,"Keenan, John Fontaine"
Male,"Keller, William Duffy"
Male,"Kelly, Robert F."
Male,"Kelly, Timothy James"
Male,"Kennedy, Henry Harold, Jr."
Male,"Kennelly, Matthew F."
Male,"Kenney, Chad Francis, Sr."
Male,"Kern, Terence C."
Male,"Kernodle, Jeremy Daniel"
Male,"Kimball, Dale A."
Male,"Kindred, Joshua Michael"
Male,"King, James Lawrence"
Male,"Kinkeade, James E."
Male,"Kirsch, Robert Andrew"
Male,"Klausner, Robert Gary"
Male,"Kleeh, Thomas Shawn"
Male,"Knepp, James Ray II"
Male,"Kness, John Fitzgerald"
Male,"Kocoras, Charles Petros"
Male,"Koeltl, John George"
Male,"Komitee, Eric Ross"
Male,"Kopf, Richard George"
Male,"Korman, Edward Robert"
Male,"Kornmann, Charles B."
Male,"Kronstadt, John Arnold"
Male,"Kugler, Robert B."
Male,"Kuntz, William Francis II"
Male,"Lake, Simeon Timothy III"
Male,"Lamberth, Royce C."
Male,"Land, Clay D."
Male,"Lange, Roberto Antonio"
Male,"Lanza, Dominic William"
Male,"Laplante, Joseph Normand"
Male,"Larimer, David G."
Male,"Lasnik, Robert S."
Male,"Lawrence, William T."
Male,"Lawson, David M."
Male,"Lawson, Hugh"
Male,"Lazzara, Richard A."
Male,"Lee, Tom Stewart"
Male,"Lee, William Charles"
Male,"Leeson, Joseph F., Jr."
Male,"Leichty, Damon Ray"
Male,"Leinenweber, Harry Daniel"
Male,"Leitman, Matthew Frederick"
Male,"Lemelle, Ivan L. R."
Male,"Leon, Richard J."
Male,"Leonard, Timothy D."
Male,"Levy, Jon David"
Male,"Liburdi, Michael Thomas"
Male,"Liman, Lewis Jeffrey"
Male,"Limbaugh, Stephen Nathaniel, Jr."
Male,"Lindsay, Sam A."
Male,"Locher, Stephen Henley"
Male,"Lodge, Edward J."
Male,"Logan, Steven Paul"
Male,"Longobardi, Joseph J."
Male,"Longstaff, Ronald Earl"
Male,"Lorenz, M. James"
Male,"Ludington, Thomas Lamson"
Male,"Ludwig, Brett Harry"
Male,"Lungstrum, John Watson"
Male,"Maddox, Matthew James"
Male,"Magnuson, Paul Arthur"
Male,"Mahan, James C."
Male,"Maloney, Paul Lewis"
Male,"Maloney, Robert B."
Male,"Mannion, Malachy Edward"
Male,"Marbley, Algenon L."
Male,"Mariani, Robert David"
Male,"Marovich, George Michael"
Male,"Marra, Kenneth A."
Male,"Marrero, Victor"
Male,"Marsh, Malcolm Francis"
Male,"Marshall, Denzil Price, Jr."
Male,"Martinez, Jose E."
Male,"Martinez, Ricardo S."
Male,"Martinez, William Joseph"
Male,"Martini, William J."
Male,"Martinotti, Brian R."
Male,"Martone, Frederick J."
Male,"Mastroianni, Mark Gerald"
Male,"Mays, Samuel H., Jr."
Male,"Maze, Corey Landon"
Male,"Mazzant, Amos Louis III"
Male,"McAuliffe, Steven J."
Male,"McAvoy, Thomas James"
Male,"McCalla, Jon Phipps"
Male,"McConnell, John James, Jr."
Male,"McDade, Joe Billy"
Male,"McDonough, Travis Randall"
Male,"McFadden, Trevor Neil"
Male,"McFarland, Matthew Walden"
Male,"McGlynn, Stephen Patrick"
Male,"McHugh, Gerald Austin, Jr."
Male,"McKibben, Howard D."
Male,"McKinley, Joseph H., Jr."
Male,"McNamee, Stephen M."
Male,"McNeel, Taylor Brantley"
Male,"McNulty, Kevin"
Male,"McShane, Michael Jerome"
Male,"Means, Terry R."
Male,"Mehta, Amit Priyavadan"
Male,"Melancon, Tucker L."
Male,"Melgren, Eric F."
Male,"Mendez, John A."
Male,"Mendoza, Carlos Eduardo"
Male,"Merryday, Steven Douglas"
Male,"Messitte, Peter Jo"
Male,"Meyer, Jeffrey Alker"
Male,"Middlebrooks, Donald M."
Male,"Mihm, Michael Martin"
Male,"Miller, Brian Stacy"
Male,"Miller, Gray Hampton"
Male,"Miller, Jeffrey T."
Male,"Miller, Robert Lowell, Jr."
Male,"Mills, Michael P."
Male,"Molloy, Donald W."
Male,"Montalvo, Frank"
Male,"Moody, James Maxwell, Jr."
Male,"Moody, James S., Jr."
Male,"Moody, James Tyne"
Male,"Moon, Norman K."
Male,"Moore, Kevin Michael"
Male,"Moore, Raymond Paul"
Male,"Moore, William Theodore, Jr."
Male,"Moorer, Terry Fitzgerald"
Male,"Morales, David Steven"
Male,"Moreno, Federico A."
Male,"Morris, Brian Matthew"
Male,"Moskowitz, Barry Ted"
Male,"Mosman, Michael W."
Male,"Moss, Randolph Daniel"
Male,"Mullen, Graham Calder"
Male,"Murphy, John Frank"
Male,"Murphy, Stephen Joseph III"
Male,"Murtha, John Garvan"
Male,"Myers, Richard Ernest II"
Male,"Nachmanoff, Michael Stefan"
Male,"Neals, Julien Xavier"
Male,"Newman, Michael Jay"
Male,"Nichols, Carl John"
Male,"Nickerson, William M."
Male,"Nielsen, William Fremming"
Male,"Nielson, Howard Curtis, Jr."
Male,"Norgle, Charles Ronald, Sr."
Male,"Norris, Mark Saalfield, Sr."
Male,"Norton, David C."
Male,"Novak, David John"
Male,"Nowlin, James Robertson"
Male,"Nuffer, David Ogden"
Male,"Nugent, Donald C."
Male,"Nunley, Troy Lynne"
Male,"Nye, David Charles"
Male,"O'Connor, Reed Charles"
Male,"O'Meara, John Corbett"
Male,"O'Neill, Lawrence Joseph"
Male,"O'Toole, George A., Jr."
Male,"Oetken, James Paul"
Male,"Olguin, Fernando Manzano"
Male,"Oliver, Solomon, Jr."
Male,"Oliver, Vernon Dion"
Male,"Olvera, Jose Rolando, Jr."
Male,"Orrick, William Horsley III"
Male,"Osteen, William Lindsay, Jr."
Male,"Ozerden, Halil Suleyman"
Male,"Padova, John R."
Male,"Palk, Scott Lawrence"
Male,"Pannell, Charles A., Jr."
Male,"Papillion, Darrel James"
Male,"Pappert, Gerald John"
Male,"Parker, Thomas Lee Robinson"
Male,"Payne, James H."
Male,"Payne, Robert E."
Male,"Peterson, James Donald"
Male,"Phillips, Thomas W."
Male,"Piersol, Lawrence L."
Male,"Pitman, Robert Lee"
Male,"Pittman, Mark Timothy"
Male,"Pitts, Patrick Casey"
Male,"Polster, Dan A."
Male,"Ponsor, Michael Adrian"
Male,"Pratt, Robert W."
Male,"Pregerson, Dean D."
Male,"Presnell, Gregory A."
Male,"Proctor, R. David"
Male,"Pulliam, Jason Kenneth"
Male,"Quackenbush, Justin Lowe"
Male,"Quist, Gordon Jay"
Male,"Quraishi, Zahid Nisar"
Male,"Rainey, John David"
Male,"Rakoff, Jed Saul"
Male,"Ramos, Edgardo"
Male,"Ranjan, J. Nicholas"
Male,"Rash, Scott Hugh"
Male,"Ray, William McCrary II"
Male,"Rayes, Douglas Leroy"
Male,"Reeves, Carlton Wayne"
Male,"Reeves, Danny C."
Male,"Reidinger, Martin Karl"
Male,"Reinhard, Philip Godfrey"
Male,"Reyes, Ramon Ernesto, Jr."
Male,"Rice, Thomas Owen"
Male,"Rice, Walter Herbert"
Male,"Richardson, Eli Jeremy"
Male,"Robart, James L."
Male,"Roberts, Richard W."
Male,"Robinson, Todd Wallace"
Male,"Rodriguez, Fernando, Jr."
Male,"Rodriguez, Joseph H."
Male,"Rodriguez, Xavier"
Male,"Román, Nelson Stephen"
Male,"Rose, Thomas M."
Male,"Ross, John Andrew"
Male,"Rossiter, Robert F., Jr."
Male,"Royal, C. Ashley"
Male,"Rudofsky, Lee Philip"
Male,"Ruiz, David Augustin"
Male,"Ruiz, Rodolfo Armando II"
Male,"Russell, David Lynn"
Male,"Russell, George Levi III"
Male,"Sabraw, Dana Makoto"
Male,"Sachs, Howard Frederic"
Male,"Sam, David"
Male,"Sánchez, Juan Ramon"
Male,"Sands, W[illie] Louis"
Male,"Sargus, Edmund A., Jr."
Male,"Savage, Timothy J."
Male,"Saylor, F. Dennis IV"
Male,"Scarsi, Mark Christopher"
Male,"Schell, Richard A."
Male,"Schelp, Matthew Thomas"
Male,"Schiller, Berle M."
Male,"Schiltz, Patrick Joseph"
Male,"Schlesinger, Harvey Erwin"
Male,"Schmehl, Jeffrey L."
Male,"Schopler, Andrew George"
Male,"Schroeder, Robert William III"
Male,"Schroeder, Thomas D."
Male,"Schwab, Arthur J."
Male,"Scola, Robert Nichols, Jr."
Male,"Scullin, Frederick James, Jr."
Male,"Seabright, J[ohn] Michael"
Male,"Seay, Frank Howell"
Male,"Sedwick, John W."
Male,"Seeborg, Richard G."
Male,"Seeger, Steven Charles"
Male,"Self, Tilman Eugene III"
Male,"Selna, James V."
Male,"Semper, Jamel Ken"
Male,"Sessions, William K. III"
Male,"Settle, Benjamin Hale"
Male,"Shadid, James Edward"
Male,"Shah, Manish Suresh"
Male,"Sharpe, Gary L."
Male,"Shea, Edward F."
Male,"Shea, Michael P."
Male,"Shelby, Robert James"
Male,"Sheridan, Peter G."
Male,"Shipp, Michael Andre"
Male,"Shubb, William B."
Male,"Simmons, James Edward, Jr."
Male,"Simon, Michael H."
Male,"Simon, Philip P."
Male,"Simpson, Charles Ralph III"
Male,"Sinatra, John Leonard, Jr."
Male,"Singal, George Z."
Male,"Singhal, Anuraag Hari"
Male,"Singleton, James Keith, Jr."
Male,"Sippel, Rodney W."
Male,"Siragusa, Charles J."
Male,"Skavdahl, Scott Wesley"
Male,"Skretny, William M."
Male,"Slaughter, Fred Wallace"
Male,"Slomsky, Joel Harvey"
Male,"Smith, Charles Lynwood, Jr."
Male,"Smith, Micah William Janso"
Male,"Smith, Ortrie D."
Male,"Smith, Rodney"
Male,"Smith, William E."
Male,"Snow, G. Murray"
Male,"Sorokin, Leo Theodore"
Male,"Soto, James Alan"
Male,"Sparks, Sam"
Male,"Stadtmueller, Joseph Peter"
Male,"Stafford, William Henry, Jr."
Male,"Stamp, Frederick Pfarr, Jr."
Male,"Stanton, Louis Lee"
Male,"Starr, Brantley David"
Male,"Starrett, Keith"
Male,"Stearns, Richard Gaylore"
Male,"Steeh, George Caram III"
Male,"Steele, John E."
Male,"Steele, William H."
Male,"Stein, Sidney H."
Male,"Stewart, Brian Theadore"
Male,"Stickman, William Shaw IV"
Male,"Stivers, Gregory N."
Male,"Story, Richard W."
Male,"Strand, Leonard Terry"
Male,"Subramanian, Arun Srinivas"
Male,"Suddaby, Glenn T."
Male,"Suko, Lonny R."
Male,"Sullivan, Emmet G."
Male,"Summerhays, Robert Rees"
Male,"Surrick, R[ichard] Barclay"
Male,"Sweeney, James Russell II"
Male,"Teilborg, James A."
Male,"Tharp, John Joseph, Jr."
Male,"Thompson, Alvin W."
Male,"Thompson, Myron Herbert"
Male,"Thrash, Thomas W., Jr."
Male,"Tigar, Jon Steven"
Male,"Tilley, Norwood Carlton, Jr."
Male,"Tipton, Drew Barnett"
Male,"Todd, James Dale"
Male,"Tostrud, Eric Christian"
Male,"Traynor, Daniel Mack"
Male,"Treadwell, Marc Thomas"
Male,"Trenga, Anthony John"
Male,"Trimble, James Travis, Jr."
Male,"Truncale, Michael Joseph"
Male,"Tuchi, John Joseph"
Male,"Tunheim, John R."
Male,"Underhill, Stefan R."
Male,"Urbanski, Michael Francis"
Male,"Urias, David Herrera"
Male,"Valderrama, Franklin Ulyses"
Male,"Van Bokkelen, Joseph S."
Male,"Van Tatenhove, Gregory Frederick"
Male,"Varlan, Thomas A."
Male,"Vera, Hernán Diego"
Male,"Vilardo, Lawrence Joseph"
Male,"Vitaliano, Eric Nicholas"
Male,"Volk, Frank William"
Male,"Voorhees, Richard Lesley"
Male,"Waddoups, Clark"
Male,"Wake, Neil Vincent"
Male,"Walker, Jamar Kentrell"
Male,"Walker, Lance Edward"
Male,"Walker, Mark Eaton"
Male,"Walter, Donald Ellsworth"
Male,"Walter, John F."
Male,"Walton, Reggie B."
Male,"Watkins, William Keith"
Male,"Watson, Derrick Kahala"
Male,"Watson, Michael H."
Male,"Webber, E. Richard"
Male,"Weber, Herman Jacob"
Male,"Welte, Peter David"
Male,"Werlein, Ewing, Jr."
Male,"Wetherell, T. Kent II"
Male,"Whaley, Robert H."
Male,"Whelan, Thomas J."
Male,"Whipple, Dean"
Male,"White, Jeffrey Steven"
Male,"White, Ronald A."
Male,"White, Ronnie Lee"
Male,"Whitehead, Jamal Norman"
Male,"Whitney, Frank DeArmon"
Male,"Whittemore, James D."
Male,"Wier, Robert Earl"
Male,"Williams, Charles Joseph"
Male,"Williams, Gregory Brian"
Male,"Williams, Omar Antonio"
Male,"Wilson, Billy Roy"
Male,"Wilson, Stephen Victor"
Male,"Wimes, Brian Curtis"
Male,"Wingate, Henry Travillion"
Male,"Winmill, B. Lynn"
Male,"Winsor, Allen Cothrel"
Male,"Wolf, Mark Lawrence"
Male,"Wolson, Joshua David"
Male,"Woodcock, John A., Jr."
Male,"Woodlock, Douglas Preston"
Male,"Woods, Gregory Howard III"
Male,"Wooten, Terry L."
Male,"Wright, Otis D. II"
Male,"Wu, George H."
Male,"Wyrick, Patrick Robert"
Male,"Yohn, William Hendricks, Jr."
Male,"Young, Richard L."
Male,"Young, Roderick Charles"
Male,"Young, William G."
Male,"Younge, John Milton"
Male,"Zainey, Jay C."
Male,"Zapata, Frank R."
Male,"Zilly, Thomas Samuel"
Male,"Zloch, William J."
Male,"Zouhary, Jack"
