State,Arizona
Arizona,"Bolton, Susan Ritchie"
Arizona,"Brnovich, Susan Marie"
Arizona,"Bury, David C."
Arizona,"Campbell, David G."
Arizona,"Collins, Raner Christercunean"
Arizona,"Hinderaker, John Charles"
Arizona,"Humetewa, Diane Joyce"
Arizona,"Jorgenson, Cindy K."
Arizona,"Lanza, Dominic William"
Arizona,"Liburdi, Michael Thomas"
Arizona,"Logan, Steven Paul"
Arizona,"MÃ¡rquez, Rosemary"
Arizona,"Martone, Frederick J."
Arizona,"McNamee, Stephen M."
Arizona,"Rash, Scott Hugh"
Arizona,"Rayes, Douglas Leroy"
Arizona,"Silver, Roslyn O."
Arizona,"Snow, G. Murray"
Arizona,"Soto, James Alan"
Arizona,"Teilborg, James A."
Arizona,"Tuchi, John Joseph"
Arizona,"Wake, Neil Vincent"
Arizona,"Zapata, Frank R."
Arizona,"Zipps, Jennifer Guerin"
