State,Central_California
Central_California,"Aenlle-Rocha, Fernando Lazaro"
Central_California,"Almadani, Monica Ramirez"
Central_California,"Anderson, Percy"
Central_California,"Bernal, Jesus Gilberto"
Central_California,"Birotte, Andre, Jr."
Central_California,"Blumenfeld, Stanley, Jr."
Central_California,"Carney, Cormac J."
Central_California,"Carter, David O."
Central_California,"Fairbank, Valerie Baker"
Central_California,"Fischer, Dale S."
Central_California,"Fitzgerald, Michael Walter"
Central_California,"Frimpong, Maame Ewusi-Mensah"
Central_California,"Garnett, Sherilyn Peace"
Central_California,"Gee, Dolly Maizie"
Central_California,"Gutierrez, Philip S."
Central_California,"Hatter, Terry J., Jr."
Central_California,"Holcomb, John William"
Central_California,"Hsu, Wesley Liu"
Central_California,"Kato, Kenly Kiya"
Central_California,"Keller, William Duffy"
Central_California,"Klausner, Robert Gary"
Central_California,"Kronstadt, John Arnold"
Central_California,"Marshall, Consuelo Bland"
Central_California,"Olguin, Fernando Manzano"
Central_California,"Phillips, Virginia A."
Central_California,"Pregerson, Dean D."
Central_California,"Scarsi, Mark Christopher"
Central_California,"Selna, James V."
Central_California,"Slaughter, Fred Wallace"
Central_California,"Snyder, Christina A."
Central_California,"Staton, Josephine L."
Central_California,"Sykes, Sunshine Suzanne"
Central_California,"Vera, Hern√°n Diego"
Central_California,"Walter, John F."
Central_California,"Wilson, Stephen Victor"
Central_California,"Wright, Otis D. II"
Central_California,"Wu, George H."
