State,Eastern Pennsylvania
Eastern Pennsylvania,"Bartle, Harvey III"
Eastern Pennsylvania,"Baylson, Michael M."
Eastern Pennsylvania,"Beetlestone, Wendy"
Eastern Pennsylvania,"Brody, Anita Blumstein"
Eastern Pennsylvania,"Buckwalter, Ronald Lawrence"
Eastern Pennsylvania,"Davis, Legrome D."
Eastern Pennsylvania,"Diamond, Paul Steven"
Eastern Pennsylvania,"DuBois, Jan Ely"
Eastern Pennsylvania,"Gallagher, John Michael"
Eastern Pennsylvania,"Goldberg, Mitchell S."
Eastern Pennsylvania,"Hodge, Kelley Brisbon"
Eastern Pennsylvania,"Jones, C. Darnell II"
Eastern Pennsylvania,"Kearney, Mark A."
Eastern Pennsylvania,"Kelly, Robert F."
Eastern Pennsylvania,"Kenney, Chad Francis, Sr."
Eastern Pennsylvania,"Leeson, Joseph F., Jr."
Eastern Pennsylvania,"Marston, Karen Spencer"
Eastern Pennsylvania,"McHugh, Gerald Austin, Jr."
Eastern Pennsylvania,"Murphy, John Frank"
Eastern Pennsylvania,"Padova, John R."
Eastern Pennsylvania,"Pappert, Gerald John"
Eastern Pennsylvania,"Perez, Mia Roberts"
Eastern Pennsylvania,"Pratter, Gene E.K."
Eastern Pennsylvania,"QuiÃ±ones Alejandro, Nitza Ileana"
Eastern Pennsylvania,"Rufe, Cynthia M."
Eastern Pennsylvania,"SÃ¡nchez, Juan Ramon"
Eastern Pennsylvania,"Savage, Timothy J."
Eastern Pennsylvania,"Schiller, Berle M."
Eastern Pennsylvania,"Schmehl, Jeffrey L."
Eastern Pennsylvania,"Scott, Kai Niambi"
Eastern Pennsylvania,"Slomsky, Joel Harvey"
Eastern Pennsylvania,"Surrick, R[ichard] Barclay"
Eastern Pennsylvania,"Tucker, Petrese B."
Eastern Pennsylvania,"Wolson, Joshua David"
Eastern Pennsylvania,"Yohn, William Hendricks, Jr."
Eastern Pennsylvania,"Younge, John Milton"
