State,Maryland
Maryland,"Bennett, Richard D."
Maryland,"Blake, Catherine C."
Maryland,"Boardman, Deborah Lynn"
Maryland,"Bredar, James Kelleher"
Maryland,"Chasanow, Deborah K."
Maryland,"Chuang, Theodore David"
Maryland,"Gallagher, Stephanie Agli"
Maryland,"Griggsby, Lydia Kay"
Maryland,"Hollander, Ellen Lipton"
Maryland,"Hurson, Brendan Abell"
Maryland,"Maddox, Matthew James"
Maryland,"Messitte, Peter Jo"
Maryland,"Nickerson, William M."
Maryland,"Rubin, Julie Rebecca"
Maryland,"Russell, George Levi III"
Maryland,"Xinis, Paula"
