State,Massachusetts
Massachusetts,"Burroughs, Allison Dale"
Massachusetts,"Casper, Denise Jefferson"
Massachusetts,"Gorton, Nathaniel M."
Massachusetts,"Guzman, Margaret Rose"
Massachusetts,"Harrington, Edward Francis"
Massachusetts,"Hillman, Timothy Spafard"
Massachusetts,"Joun, Myong Jin"
Massachusetts,"Kelley, Angel"
Massachusetts,"Kobick, Julia Eleanor"
Massachusetts,"Mastroianni, Mark Gerald"
Massachusetts,"O'Toole, George A., Jr."
Massachusetts,"Ponsor, Michael Adrian"
Massachusetts,"Saris, Patti B."
Massachusetts,"Saylor, F. Dennis IV"
Massachusetts,"Sorokin, Leo Theodore"
Massachusetts,"Stearns, Richard Gaylore"
Massachusetts,"Talwani, Indira"
Massachusetts,"Wolf, Mark Lawrence"
Massachusetts,"Woodlock, Douglas Preston"
Massachusetts,"Young, William G."
Massachusetts,"Zobel, Rya Weickert"
