State,Southern_California
Southern_California,"Anello, Michael M."
Southern_California,"Bashant, Cynthia Ann"
Southern_California,"Battaglia, Anthony Joseph"
Southern_California,"Bencivengo, Cathy Ann"
Southern_California,"Benitez, Roger T."
Southern_California,"Burns, Larry Alan"
Southern_California,"Curiel, Gonzalo Paul"
Southern_California,"Hayes, William Q."
Southern_California,"Houston, John A."
Southern_California,"Huff, Marilyn L."
Southern_California,"Huie, Robert Steven"
Southern_California,"Lopez, Linda"
Southern_California,"Lorenz, M. James"
Southern_California,"Miller, Jeffrey T."
Southern_California,"Montenegro, Ruth Bermudez"
Southern_California,"Moskowitz, Barry Ted"
Southern_California,"Ohta, Jinsook"
Southern_California,"Robinson, Todd Wallace"
Southern_California,"Sabraw, Dana Makoto"
Southern_California,"Sammartino, Janis Lynn"
Southern_California,"Schopler, Andrew George"
Southern_California,"Simmons, James Edward, Jr."
Southern_California,"Whelan, Thomas J."
