Court Name,Court Website
Alabama Middle,https://www.almd.uscourts.gov
Alabama Northern,https://www.alnd.uscourts.gov
Alabama Southern,https://www.alsd.uscourts.gov
Alaska,https://www.akd.uscourts.gov
Arizona,https://www.azd.uscourts.gov
Arkansas Eastern,https://www.are.uscourts.gov
Arkansas Western,https://www.arwd.uscourts.gov
California Central,https://www.cacd.uscourts.gov
California Eastern,https://www.caed.uscourts.gov
California Northern,https://www.cand.uscourts.gov
California Southern,https://www.casd.uscourts.gov
Colorado,http://www.cod.uscourts.gov/Home.aspx
Connecticut,https://www.ctd.uscourts.gov
Delaware,https://www.ded.uscourts.gov
District of Columbia,https://www.dcd.uscourts.gov
Florida Middle,https://www.flmd.uscourts.gov
Florida Northern,http://www.flnd.uscourts.gov
Florida Southern,https://www.flsd.uscourts.gov
Georgia Middle,https://www.gamd.uscourts.gov
Georgia Northern,https://www.gand.uscourts.gov
Georgia Southern,https://www.gasd.uscourts.gov
Guam,https://www.gud.uscourts.gov
Hawaii,https://www.hid.uscourts.gov
Idaho,https://www.id.uscourts.gov
Illinois Central,https://www.ilcd.uscourts.gov
Illinois Northern,https://www.ilnd.uscourts.gov
Illinois Southern,https://www.ilsd.uscourts.gov
Indiana Northern,https://www.innd.uscourts.gov
Indiana Southern,https://www.insd.uscourts.gov
Iowa Northern,https://www.iand.uscourts.gov
Iowa Southern,https://www.iasd.uscourts.gov
Kansas,https://www.ksd.uscourts.gov
Kentucky Eastern,https://www.kyed.uscourts.gov
Kentucky Western,https://www.kywd.uscourts.gov
Louisiana Eastern,https://www.laed.uscourts.gov
Louisiana Middle,https://www.lamd.uscourts.gov
Louisiana Western,https://www.lawd.uscourts.gov
Maine,https://www.med.uscourts.gov
Maryland,https://www.mdd.uscourts.gov
Massachusetts,https://www.mad.uscourts.gov
Michigan Eastern,https://www.mied.uscourts.gov
Michigan Western,https://www.miwd.uscourts.gov
Minnesota,https://www.mnd.uscourts.gov
Mississippi Northern,https://www.msnd.uscourts.gov
Mississippi Southern,https://www.mssd.uscourts.gov
Missouri Eastern,https://www.moed.uscourts.gov
Missouri Western,https://www.mow.uscourts.gov
Montana,https://www.mtd.uscourts.gov
Nebraska,https://www.ned.uscourts.gov
Nevada,https://www.nvd.uscourts.gov
New Hampshire,https://www.nhd.uscourts.gov
New Jersey,https://www.njd.uscourts.gov
New Mexico,https://www.nmd.uscourts.gov/
New York Eastern,https://www.nyed.uscourts.gov
New York Northern,https://www.nynd.uscourts.gov
New York Southern,https://www.nysd.uscourts.gov
New York Western,https://www.nywd.uscourts.gov
North Carolina Eastern,https://www.nced.uscourts.gov
North Carolina Middle,https://www.ncmd.uscourts.gov
North Carolina Western,https://www.ncwd.uscourts.gov
North Dakota,https://www.ndd.uscourts.gov
Northern Mariana Islands,https://www.nmid.uscourts.gov
Ohio Northern,https://www.ohnd.uscourts.gov
Ohio Southern,https://www.ohsd.uscourts.gov
Oklahoma Eastern,https://www.oked.uscourts.gov
Oklahoma Northern,https://www.oknd.uscourts.gov
Oklahoma Western,https://www.okwd.uscourts.gov
Oregon,https://www.ord.uscourts.gov
Pennsylvania Eastern,https://www.paed.uscourts.gov
Pennsylvania Middle,https://www.pamd.uscourts.gov
Pennsylvania Western,https://www.pawd.uscourts.gov
Puerto Rico,https://www.prd.uscourts.gov
Rhode Island,https://www.rid.uscourts.gov
South Carolina,https://www.scd.uscourts.gov
South Dakota,https://www.sdd.uscourts.gov
Tennessee Eastern,https://www.tned.uscourts.gov
Tennessee Middle,https://www.tnmd.uscourts.gov
Tennessee Western,https://www.tnwd.uscourts.gov
Texas Eastern,https://www.txed.uscourts.gov
Texas Northern,https://www.txnd.uscourts.gov
Texas Southern,https://www.txs.uscourts.gov
Texas Western,https://www.txwd.uscourts.gov
Utah,https://www.utd.uscourts.gov
Vermont,https://www.vtd.uscourts.gov
Virgin Islands,https://www.vid.uscourts.gov
Virginia Eastern,https://www.vaed.uscourts.gov
Virginia Western,http://www.vawd.uscourts.gov
Washington Eastern,https://www.waed.uscourts.gov
Washington Western,https://www.wawd.uscourts.gov
West Virginia Northern,https://www.wvnd.uscourts.gov
West Virginia Southern,https://www.wvsd.uscourts.gov
Wisconsin Eastern,https://www.wied.uscourts.gov
Wisconsin Western,https://www.wiwd.uscourts.gov
Wyoming,https://www.wyd.uscourts.gov
